img_fn	human_readable_label	target_loss	top_organism_label	top_object_label	dist	surrogate	target
ILSVRC2012_val_00000001.png	sea_snake	10.36836	rock_python	worm_fence	0.01000	efficientnet-b0	resnet50
ILSVRC2012_val_00000003.png	Shetland_sheepdog	11.44199	Shetland_sheepdog	tennis_ball	0.01000	efficientnet-b0	resnet50
ILSVRC2012_val_00000006.png	garter_snake	9.83708	water_snake	worm_fence	0.01000	efficientnet-b0	resnet50
ILSVRC2012_val_00000007.png	porcupine	13.09118	porcupine	mortar	0.01000	efficientnet-b0	resnet50
ILSVRC2012_val_00000010.png	Angora	5.21266	Angora	wig	0.01000	efficientnet-b0	resnet50
ILSVRC2012_val_00000011.png	brain_coral	5.70938	brain_coral	coral_reef	0.01000	efficientnet-b0	resnet50
ILSVRC2012_val_00000012.png	cougar	16.12387	cougar	remote_control	0.01000	efficientnet-b0	resnet50
ILSVRC2012_val_00000013.png	guenon	15.68279	guenon	breastplate	0.01000	efficientnet-b0	resnet50
ILSVRC2012_val_00000016.png	grey_whale	17.71944	grey_whale	submarine	0.01000	efficientnet-b0	resnet50
ILSVRC2012_val_00000017.png	sea_anemone	2.47575	goldfish	quill	0.01000	efficientnet-b0	resnet50
ILSVRC2012_val_00000018.png	vulture	9.47951	kite	wing	0.01000	efficientnet-b0	resnet50
ILSVRC2012_val_00000021.png	porcupine	13.71385	porcupine	thatch	0.01000	efficientnet-b0	resnet50
ILSVRC2012_val_00000022.png	Ibizan_hound	4.17796	Ibizan_hound	dogsled	0.01000	efficientnet-b0	resnet50
ILSVRC2012_val_00000025.png	vulture	12.97130	vulture	worm_fence	0.01000	efficientnet-b0	resnet50
ILSVRC2012_val_00000027.png	white_wolf	13.96016	white_wolf	dogsled	0.01000	efficientnet-b0	resnet50
ILSVRC2012_val_00000028.png	English_foxhound	4.38748	Walker_hound	soccer_ball	0.01000	efficientnet-b0	resnet50
ILSVRC2012_val_00000029.png	green_snake	8.41043	green_snake	confectionery	0.01000	efficientnet-b0	resnet50
ILSVRC2012_val_00000031.png	cabbage_butterfly	12.40477	cabbage_butterfly	head_cabbage	0.01000	efficientnet-b0	resnet50
ILSVRC2012_val_00000033.png	sea_lion	2.11183	terrapin	wreck	0.01000	efficientnet-b0	resnet50
ILSVRC2012_val_00000034.png	ballplayer	-2.42418	ballplayer	ski	0.01000	efficientnet-b0	resnet50
ILSVRC2012_val_00000037.png	tailed_frog	5.41375	weevil	wooden_spoon	0.01000	efficientnet-b0	resnet50
ILSVRC2012_val_00000040.png	garden_spider	4.61151	tick	spider_web	0.01000	efficientnet-b0	resnet50
ILSVRC2012_val_00000043.png	spoonbill	11.26696	spoonbill	pole	0.01000	efficientnet-b0	resnet50
ILSVRC2012_val_00000044.png	standard_schnauzer	14.72944	standard_schnauzer	muzzle	0.01000	efficientnet-b0	resnet50
ILSVRC2012_val_00000045.png	Newfoundland	7.94671	Newfoundland	tennis_ball	0.01000	efficientnet-b0	resnet50
ILSVRC2012_val_00000048.png	English_foxhound	3.06095	Cardigan	tennis_ball	0.01000	efficientnet-b0	resnet50
ILSVRC2012_val_00000050.png	sturgeon	-1.78570	gar	wool	0.01000	efficientnet-b0	resnet50
ILSVRC2012_val_00000051.png	bee_eater	10.01086	bee_eater	quill	0.01000	efficientnet-b0	resnet50
ILSVRC2012_val_00000052.png	axolotl	21.62521	axolotl	coral_reef	0.01000	efficientnet-b0	resnet50
ILSVRC2012_val_00000055.png	polecat	14.19122	weasel	mousetrap	0.01000	efficientnet-b0	resnet50
ILSVRC2012_val_00000057.png	Pomeranian	6.69449	Pekinese	muzzle	0.01000	efficientnet-b0	resnet50
ILSVRC2012_val_00000058.png	stinkhorn	11.60696	stinkhorn	mushroom	0.01000	efficientnet-b0	resnet50
ILSVRC2012_val_00000062.png	Kerry_blue_terrier	7.88177	Lakeland_terrier	muzzle	0.01000	efficientnet-b0	resnet50
ILSVRC2012_val_00000063.png	jellyfish	3.38030	tiger_shark	wreck	0.01000	efficientnet-b0	resnet50
ILSVRC2012_val_00000064.png	green_lizard	8.58723	green_lizard	window_screen	0.01000	efficientnet-b0	resnet50
ILSVRC2012_val_00000066.png	eel	5.50253	eel	coral_reef	0.01000	efficientnet-b0	resnet50
ILSVRC2012_val_00000067.png	tusker	13.34652	tusker	chain_mail	0.01000	efficientnet-b0	resnet50
ILSVRC2012_val_00000072.png	dugong	11.88669	dugong	snorkel	0.01000	efficientnet-b0	resnet50
ILSVRC2012_val_00000073.png	kite	9.18230	kite	birdhouse	0.01000	efficientnet-b0	resnet50
ILSVRC2012_val_00000075.png	black_grouse	13.71692	black_grouse	worm_fence	0.01000	efficientnet-b0	resnet50
ILSVRC2012_val_00000077.png	Rhodesian_ridgeback	7.26014	Rhodesian_ridgeback	muzzle	0.01000	efficientnet-b0	resnet50
ILSVRC2012_val_00000078.png	African_hunting_dog	10.32105	African_hunting_dog	crutch	0.01000	efficientnet-b0	resnet50
ILSVRC2012_val_00000079.png	otterhound	11.73586	Irish_terrier	tennis_ball	0.01000	efficientnet-b0	resnet50
ILSVRC2012_val_00000082.png	Afghan_hound	14.36127	Afghan_hound	hand_blower	0.01000	efficientnet-b0	resnet50
ILSVRC2012_val_00000084.png	water_snake	4.96537	water_snake	spider_web	0.01000	efficientnet-b0	resnet50
ILSVRC2012_val_00000087.png	siamang	12.99918	capuchin	fur_coat	0.01000	efficientnet-b0	resnet50
ILSVRC2012_val_00000088.png	spotted_salamander	10.43834	European_fire_salamander	bow	0.01000	efficientnet-b0	resnet50
ILSVRC2012_val_00000090.png	American_alligator	15.67172	American_alligator	lakeside	0.01000	efficientnet-b0	resnet50
ILSVRC2012_val_00000091.png	white_wolf	11.64693	white_wolf	dogsled	0.01000	efficientnet-b0	resnet50
ILSVRC2012_val_00000092.png	Madagascar_cat	6.94463	indri	binoculars	0.01000	efficientnet-b0	resnet50
ILSVRC2012_val_00000093.png	gorilla	3.54393	llama	muzzle	0.01000	efficientnet-b0	resnet50
ILSVRC2012_val_00000095.png	macaque	5.79075	macaque	teddy	0.01000	efficientnet-b0	resnet50
ILSVRC2012_val_00000097.png	wood_rabbit	12.31625	hare	mousetrap	0.01000	efficientnet-b0	resnet50
ILSVRC2012_val_00000098.png	dowitcher	11.12397	dowitcher	honeycomb	0.01000	efficientnet-b0	resnet50
ILSVRC2012_val_00000100.png	bighorn	10.35470	bighorn	alp	0.01000	efficientnet-b0	resnet50
ILSVRC2012_val_00000102.png	Rhodesian_ridgeback	6.75249	Rhodesian_ridgeback	soccer_ball	0.01000	efficientnet-b0	resnet50
ILSVRC2012_val_00000105.png	silky_terrier	3.75758	silky_terrier	wig	0.01000	efficientnet-b0	resnet50
ILSVRC2012_val_00000107.png	harvestman	9.12155	harvestman	spider_web	0.01000	efficientnet-b0	resnet50
ILSVRC2012_val_00000111.png	American_lobster	6.92757	American_lobster	plate	0.01000	efficientnet-b0	resnet50
ILSVRC2012_val_00000113.png	kelpie	8.43556	miniature_pinscher	tennis_ball	0.01000	efficientnet-b0	resnet50
ILSVRC2012_val_00000115.png	Ibizan_hound	1.23848	Ibizan_hound	bathtub	0.01000	efficientnet-b0	resnet50
ILSVRC2012_val_00000124.png	rock_beauty	5.85593	sea_slug	coral_reef	0.01000	efficientnet-b0	resnet50
ILSVRC2012_val_00000125.png	grasshopper	1.91384	grasshopper	hip	0.01000	efficientnet-b0	resnet50
ILSVRC2012_val_00000127.png	impala	18.39258	impala	plow	0.01000	efficientnet-b0	resnet50
ILSVRC2012_val_00000128.png	bald_eagle	10.27060	kite	worm_fence	0.01000	efficientnet-b0	resnet50
ILSVRC2012_val_00000130.png	Persian_cat	9.86615	Persian_cat	laptop	0.01000	efficientnet-b0	resnet50
ILSVRC2012_val_00000133.png	hyena	14.61425	hyena	school_bus	0.01000	efficientnet-b0	resnet50
ILSVRC2012_val_00000134.png	Doberman	4.07004	Rottweiler	croquet_ball	0.01000	efficientnet-b0	resnet50
ILSVRC2012_val_00000136.png	warthog	8.10676	wombat	mousetrap	0.01000	efficientnet-b0	resnet50
ILSVRC2012_val_00000138.png	sea_urchin	8.30953	sea_urchin	coral_reef	0.01000	efficientnet-b0	resnet50
ILSVRC2012_val_00000141.png	bloodhound	2.96568	Weimaraner	jigsaw_puzzle	0.01000	efficientnet-b0	resnet50
ILSVRC2012_val_00000142.png	sea_urchin	1.76622	sea_urchin	coral_reef	0.01000	efficientnet-b0	resnet50
ILSVRC2012_val_00000147.png	toy_poodle	4.43467	Lakeland_terrier	bearskin	0.01000	efficientnet-b0	resnet50
ILSVRC2012_val_00000153.png	common_iguana	18.40636	common_iguana	analog_clock	0.01000	efficientnet-b0	resnet50
ILSVRC2012_val_00000154.png	sea_slug	5.38097	sea_slug	coral_reef	0.01000	efficientnet-b0	resnet50
ILSVRC2012_val_00000156.png	coyote	9.83286	red_fox	soccer_ball	0.01000	efficientnet-b0	resnet50
ILSVRC2012_val_00000157.png	red_fox	14.07212	red_fox	freight_car	0.01000	efficientnet-b0	resnet50
ILSVRC2012_val_00000161.png	Irish_setter	2.69414	Tibetan_mastiff	tennis_ball	0.01000	efficientnet-b0	resnet50
ILSVRC2012_val_00000170.png	toy_terrier	6.93562	toy_terrier	tennis_ball	0.01000	efficientnet-b0	resnet50
ILSVRC2012_val_00000172.png	English_setter	3.90731	Dandie_Dinmont	crossword_puzzle	0.01000	efficientnet-b0	resnet50
ILSVRC2012_val_00000174.png	Great_Pyrenees	7.44519	kuvasz	dogsled	0.01000	efficientnet-b0	resnet50
ILSVRC2012_val_00000176.png	miniature_schnauzer	9.37757	Scotch_terrier	muzzle	0.01000	efficientnet-b0	resnet50
ILSVRC2012_val_00000177.png	red-backed_sandpiper	13.50810	red-backed_sandpiper	sandbar	0.01000	efficientnet-b0	resnet50
ILSVRC2012_val_00000178.png	Eskimo_dog	6.36475	Eskimo_dog	dogsled	0.01000	efficientnet-b0	resnet50
ILSVRC2012_val_00000179.png	sorrel	5.39232	sorrel	horse_cart	0.01000	efficientnet-b0	resnet50
ILSVRC2012_val_00000180.png	Shetland_sheepdog	9.12832	collie	poncho	0.01000	efficientnet-b0	resnet50
ILSVRC2012_val_00000181.png	skunk	6.94491	skunk	accordion	0.01000	efficientnet-b0	resnet50
ILSVRC2012_val_00000186.png	snow_leopard	17.21073	snow_leopard	crossword_puzzle	0.01000	efficientnet-b0	resnet50
ILSVRC2012_val_00000188.png	coyote	10.92294	coyote	trailer_truck	0.01000	efficientnet-b0	resnet50
ILSVRC2012_val_00000189.png	platypus	0.85880	platypus	speedboat	0.01000	efficientnet-b0	resnet50
ILSVRC2012_val_00000191.png	American_Staffordshire_terrier	2.69700	bull_mastiff	shopping_cart	0.01000	efficientnet-b0	resnet50
ILSVRC2012_val_00000195.png	Dungeness_crab	9.36533	Dungeness_crab	fig	0.01000	efficientnet-b0	resnet50
ILSVRC2012_val_00000196.png	lionfish	11.36980	lionfish	coral_reef	0.01000	efficientnet-b0	resnet50
ILSVRC2012_val_00000198.png	bulbul	8.36184	bulbul	hip	0.01000	efficientnet-b0	resnet50
ILSVRC2012_val_00000200.png	gyromitra	8.06687	gyromitra	mushroom	0.01000	efficientnet-b0	resnet50
ILSVRC2012_val_00000203.png	Bouvier_des_Flandres	7.04901	Kerry_blue_terrier	wool	0.01000	efficientnet-b0	resnet50
ILSVRC2012_val_00000206.png	proboscis_monkey	11.74531	titi	jackfruit	0.01000	efficientnet-b0	resnet50
ILSVRC2012_val_00000207.png	albatross	8.92157	albatross	fur_coat	0.01000	efficientnet-b0	resnet50
ILSVRC2012_val_00000211.png	Siamese_cat	6.78330	Siamese_cat	bow_tie	0.01000	efficientnet-b0	resnet50
ILSVRC2012_val_00000217.png	bulbul	16.96471	bulbul	worm_fence	0.01000	efficientnet-b0	resnet50
ILSVRC2012_val_00000218.png	wolf_spider	8.74421	wolf_spider	spider_web	0.01000	efficientnet-b0	resnet50
ILSVRC2012_val_00000220.png	pug	8.05840	pug	tennis_ball	0.01000	efficientnet-b0	resnet50
ILSVRC2012_val_00000224.png	Irish_setter	4.25117	vizsla	tennis_ball	0.01000	efficientnet-b0	resnet50
ILSVRC2012_val_00000225.png	European_fire_salamander	15.15986	European_fire_salamander	chain	0.01000	efficientnet-b0	resnet50
ILSVRC2012_val_00000227.png	Brittany_spaniel	6.42317	beagle	tennis_ball	0.01000	efficientnet-b0	resnet50
ILSVRC2012_val_00000228.png	Ibizan_hound	-1.93428	collie	dogsled	0.01000	efficientnet-b0	resnet50
ILSVRC2012_val_00000229.png	mud_turtle	3.90787	mud_turtle	mushroom	0.01000	efficientnet-b0	resnet50
ILSVRC2012_val_00000231.png	hermit_crab	-0.74238	tarantula	umbrella	0.01000	efficientnet-b0	resnet50
ILSVRC2012_val_00000233.png	snow_leopard	14.61590	snow_leopard	crossword_puzzle	0.01000	efficientnet-b0	resnet50
ILSVRC2012_val_00000236.png	goldfish	4.88920	anemone_fish	coral_reef	0.01000	efficientnet-b0	resnet50
ILSVRC2012_val_00000237.png	English_foxhound	8.42280	English_foxhound	soccer_ball	0.01000	efficientnet-b0	resnet50
ILSVRC2012_val_00000238.png	king_crab	0.84270	king_crab	ear	0.01000	efficientnet-b0	resnet50
ILSVRC2012_val_00000242.png	gorilla	4.04332	brown_bear	megalith	0.01000	efficientnet-b0	resnet50
ILSVRC2012_val_00000245.png	hermit_crab	17.52552	hermit_crab	mushroom	0.01000	efficientnet-b0	resnet50
ILSVRC2012_val_00000246.png	bighorn	14.41318	ram	oxcart	0.01000	efficientnet-b0	resnet50
ILSVRC2012_val_00000247.png	junco	12.46690	junco	guillotine	0.01000	efficientnet-b0	resnet50
ILSVRC2012_val_00000248.png	Staffordshire_bullterrier	10.56582	Staffordshire_bullterrier	tennis_ball	0.01000	efficientnet-b0	resnet50
ILSVRC2012_val_00000255.png	scuba_diver	0.83193	stingray	sunglass	0.01000	efficientnet-b0	resnet50
ILSVRC2012_val_00000258.png	eft	14.48460	eft	chain	0.01000	efficientnet-b0	resnet50
ILSVRC2012_val_00000262.png	goldfish	5.70798	goldfish	coral_reef	0.01000	efficientnet-b0	resnet50
ILSVRC2012_val_00000263.png	Saluki	11.31719	Saluki	muzzle	0.01000	efficientnet-b0	resnet50
ILSVRC2012_val_00000269.png	Siberian_husky	1.84598	Saluki	muzzle	0.01000	efficientnet-b0	resnet50
ILSVRC2012_val_00000273.png	skunk	0.57373	skunk	paper_towel	0.01000	efficientnet-b0	resnet50
ILSVRC2012_val_00000276.png	eft	8.88852	eft	acorn	0.01000	efficientnet-b0	resnet50
ILSVRC2012_val_00000278.png	bee_eater	15.12339	bee_eater	Granny_Smith	0.01000	efficientnet-b0	resnet50
ILSVRC2012_val_00000279.png	Dandie_Dinmont	5.64083	Lakeland_terrier	dishrag	0.01000	efficientnet-b0	resnet50
ILSVRC2012_val_00000283.png	Persian_cat	8.26289	Persian_cat	ping-pong_ball	0.01000	efficientnet-b0	resnet50
ILSVRC2012_val_00000293.png	tench	7.92746	tench	reel	0.01000	efficientnet-b0	resnet50
ILSVRC2012_val_00000297.png	frilled_lizard	2.58428	frilled_lizard	brass	0.01000	efficientnet-b0	resnet50
ILSVRC2012_val_00000298.png	green_mamba	9.73277	green_snake	knot	0.01000	efficientnet-b0	resnet50
ILSVRC2012_val_00000299.png	trilobite	8.28496	trilobite	screw	0.01000	efficientnet-b0	resnet50
ILSVRC2012_val_00000300.png	Saluki	3.03522	Saluki	bath_towel	0.01000	efficientnet-b0	resnet50
ILSVRC2012_val_00000301.png	sea_cucumber	3.20594	stingray	coral_reef	0.01000	efficientnet-b0	resnet50
ILSVRC2012_val_00000303.png	tiger	12.51843	leopard	bath_towel	0.01000	efficientnet-b0	resnet50
ILSVRC2012_val_00000304.png	coral_fungus	6.60300	coral_fungus	mushroom	0.01000	efficientnet-b0	resnet50
ILSVRC2012_val_00000306.png	water_buffalo	4.86208	water_buffalo	submarine	0.01000	efficientnet-b0	resnet50
ILSVRC2012_val_00000307.png	goldfish	13.74962	goldfish	coral_reef	0.01000	efficientnet-b0	resnet50
ILSVRC2012_val_00000312.png	barracouta	8.74419	tiger_shark	coral_reef	0.01000	efficientnet-b0	resnet50
ILSVRC2012_val_00000316.png	eel	8.98018	eel	coral_reef	0.01000	efficientnet-b0	resnet50
ILSVRC2012_val_00000318.png	great_grey_owl	15.79887	great_grey_owl	binoculars	0.01000	efficientnet-b0	resnet50
ILSVRC2012_val_00000319.png	echidna	6.21793	echidna	doormat	0.01000	efficientnet-b0	resnet50
ILSVRC2012_val_00000322.png	skunk	12.77255	skunk	doormat	0.01000	efficientnet-b0	resnet50
ILSVRC2012_val_00000323.png	grey_fox	13.57888	grey_fox	freight_car	0.01000	efficientnet-b0	resnet50
ILSVRC2012_val_00000324.png	sea_snake	15.30892	sea_snake	knot	0.01000	efficientnet-b0	resnet50
ILSVRC2012_val_00000326.png	black-footed_ferret	13.22681	black-footed_ferret	shower_cap	0.01000	efficientnet-b0	resnet50
ILSVRC2012_val_00000327.png	black-and-tan_coonhound	4.08645	black-and-tan_coonhound	muzzle	0.01000	efficientnet-b0	resnet50
ILSVRC2012_val_00000328.png	kite	11.69445	kite	warplane	0.01000	efficientnet-b0	resnet50
ILSVRC2012_val_00000329.png	cock	6.29124	hen	muzzle	0.01000	efficientnet-b0	resnet50
ILSVRC2012_val_00000333.png	pug	8.58872	pug	sunglasses	0.01000	efficientnet-b0	resnet50
ILSVRC2012_val_00000337.png	night_snake	11.07086	boa_constrictor	accordion	0.01000	efficientnet-b0	resnet50
ILSVRC2012_val_00000340.png	titi	12.12673	titi	jackfruit	0.01000	efficientnet-b0	resnet50
ILSVRC2012_val_00000341.png	groom	5.76849	groom	suit	0.01000	efficientnet-b0	resnet50
ILSVRC2012_val_00000342.png	dung_beetle	13.41115	tiger_beetle	hair_slide	0.01000	efficientnet-b0	resnet50
ILSVRC2012_val_00000343.png	llama	9.81146	llama	horse_cart	0.01000	efficientnet-b0	resnet50
ILSVRC2012_val_00000348.png	cheetah	13.51931	cheetah	honeycomb	0.01000	efficientnet-b0	resnet50
ILSVRC2012_val_00000350.png	Boston_bull	5.71928	Boston_bull	space_heater	0.01000	efficientnet-b0	resnet50
ILSVRC2012_val_00000355.png	chow	8.41171	chow	dial_telephone	0.01000	efficientnet-b0	resnet50
ILSVRC2012_val_00000356.png	flamingo	15.57705	flamingo	lakeside	0.01000	efficientnet-b0	resnet50
ILSVRC2012_val_00000361.png	tiger_beetle	15.13949	tiger_beetle	ski	0.01000	efficientnet-b0	resnet50
ILSVRC2012_val_00000362.png	box_turtle	9.93611	box_turtle	manhole_cover	0.01000	efficientnet-b0	resnet50
ILSVRC2012_val_00000363.png	bittern	15.48087	bittern	ear	0.01000	efficientnet-b0	resnet50
ILSVRC2012_val_00000370.png	coucal	11.23855	black_grouse	quill	0.01000	efficientnet-b0	resnet50
ILSVRC2012_val_00000371.png	brain_coral	4.86871	brain_coral	maze	0.01000	efficientnet-b0	resnet50
ILSVRC2012_val_00000375.png	Labrador_retriever	3.38288	Labrador_retriever	tennis_ball	0.01000	efficientnet-b0	resnet50
ILSVRC2012_val_00000379.png	cairn	5.68907	cairn	lawn_mower	0.01000	efficientnet-b0	resnet50
ILSVRC2012_val_00000383.png	komondor	8.39460	komondor	swab	0.01000	efficientnet-b0	resnet50
ILSVRC2012_val_00000386.png	jellyfish	7.71653	jellyfish	coral_reef	0.01000	efficientnet-b0	resnet50
ILSVRC2012_val_00000389.png	crane	-0.58923	American_egret	lakeside	0.01000	efficientnet-b0	resnet50
ILSVRC2012_val_00000390.png	bittern	10.13769	bittern	corn	0.01000	efficientnet-b0	resnet50
ILSVRC2012_val_00000391.png	Norfolk_terrier	9.13883	Norfolk_terrier	soccer_ball	0.01000	efficientnet-b0	resnet50
ILSVRC2012_val_00000393.png	Shetland_sheepdog	9.58747	Shetland_sheepdog	ballpoint	0.01000	efficientnet-b0	resnet50
ILSVRC2012_val_00000395.png	garden_spider	4.31411	garden_spider	spider_web	0.01000	efficientnet-b0	resnet50
ILSVRC2012_val_00000396.png	tarantula	13.79597	tarantula	coral_reef	0.01000	efficientnet-b0	resnet50
ILSVRC2012_val_00000398.png	Madagascar_cat	-3.22208	hen-of-the-woods	apiary	0.01000	efficientnet-b0	resnet50
ILSVRC2012_val_00000399.png	standard_poodle	3.62144	standard_poodle	teddy	0.01000	efficientnet-b0	resnet50
ILSVRC2012_val_00000401.png	black-footed_ferret	12.41517	black-footed_ferret	paper_towel	0.01000	efficientnet-b0	resnet50
ILSVRC2012_val_00000404.png	loggerhead	13.72484	loggerhead	artichoke	0.01000	efficientnet-b0	resnet50
ILSVRC2012_val_00000405.png	Scottish_deerhound	13.76611	Scottish_deerhound	park_bench	0.01000	efficientnet-b0	resnet50
ILSVRC2012_val_00000407.png	ant	10.99966	ant	honeycomb	0.01000	efficientnet-b0	resnet50
ILSVRC2012_val_00000409.png	white_wolf	8.32560	white_wolf	dogsled	0.01000	efficientnet-b0	resnet50
ILSVRC2012_val_00000411.png	Scotch_terrier	4.26177	Scotch_terrier	sleeping_bag	0.01000	efficientnet-b0	resnet50
ILSVRC2012_val_00000414.png	indigo_bunting	11.24769	indigo_bunting	birdhouse	0.01000	efficientnet-b0	resnet50
ILSVRC2012_val_00000415.png	drake	8.47428	drake	lakeside	0.01000	efficientnet-b0	resnet50
ILSVRC2012_val_00000418.png	dragonfly	-2.31287	dragonfly	screwdriver	0.01000	efficientnet-b0	resnet50
ILSVRC2012_val_00000420.png	bee_eater	7.69487	bee_eater	paintbrush	0.01000	efficientnet-b0	resnet50
ILSVRC2012_val_00000424.png	Afghan_hound	14.94975	Afghan_hound	fur_coat	0.01000	efficientnet-b0	resnet50
ILSVRC2012_val_00000425.png	toy_poodle	8.89886	miniature_poodle	teddy	0.01000	efficientnet-b0	resnet50
ILSVRC2012_val_00000429.png	Kerry_blue_terrier	8.62528	giant_schnauzer	muzzle	0.01000	efficientnet-b0	resnet50
ILSVRC2012_val_00000436.png	miniature_schnauzer	7.70642	miniature_schnauzer	muzzle	0.01000	efficientnet-b0	resnet50
ILSVRC2012_val_00000439.png	bulbul	10.71293	bulbul	mixing_bowl	0.01000	efficientnet-b0	resnet50
ILSVRC2012_val_00000440.png	Scotch_terrier	10.58693	Scotch_terrier	shoe_shop	0.01000	efficientnet-b0	resnet50
ILSVRC2012_val_00000441.png	otterhound	7.41619	Lakeland_terrier	tennis_ball	0.01000	efficientnet-b0	resnet50
ILSVRC2012_val_00000444.png	ibex	17.40259	ibex	oxcart	0.01000	efficientnet-b0	resnet50
ILSVRC2012_val_00000446.png	skunk	13.52678	skunk	quill	0.01000	efficientnet-b0	resnet50
ILSVRC2012_val_00000447.png	skunk	9.07051	skunk	paper_towel	0.01000	efficientnet-b0	resnet50
ILSVRC2012_val_00000450.png	Great_Pyrenees	5.18534	Great_Pyrenees	ice_lolly	0.01000	efficientnet-b0	resnet50
ILSVRC2012_val_00000456.png	water_buffalo	2.40465	triceratops	megalith	0.01000	efficientnet-b0	resnet50
ILSVRC2012_val_00000457.png	Maltese_dog	8.26821	West_Highland_white_terrier	tennis_ball	0.01000	efficientnet-b0	resnet50
ILSVRC2012_val_00000462.png	Japanese_spaniel	8.88547	Japanese_spaniel	bucket	0.01000	efficientnet-b0	resnet50
ILSVRC2012_val_00000466.png	black_swan	15.96061	black_swan	lakeside	0.01000	efficientnet-b0	resnet50
ILSVRC2012_val_00000470.png	redshank	16.54798	redshank	honeycomb	0.01000	efficientnet-b0	resnet50
ILSVRC2012_val_00000471.png	common_iguana	15.61683	common_iguana	pineapple	0.01000	efficientnet-b0	resnet50
ILSVRC2012_val_00000472.png	gyromitra	5.30190	gyromitra	mushroom	0.01000	efficientnet-b0	resnet50
ILSVRC2012_val_00000474.png	Sealyham_terrier	8.41278	Sealyham_terrier	gown	0.01000	efficientnet-b0	resnet50
ILSVRC2012_val_00000476.png	magpie	9.78944	magpie	muzzle	0.01000	efficientnet-b0	resnet50
ILSVRC2012_val_00000478.png	hog	8.88591	hog	butcher_shop	0.01000	efficientnet-b0	resnet50
ILSVRC2012_val_00000480.png	black-footed_ferret	6.72878	black-footed_ferret	doormat	0.01000	efficientnet-b0	resnet50
ILSVRC2012_val_00000481.png	giant_panda	2.60559	ice_bear	ashcan	0.01000	efficientnet-b0	resnet50
ILSVRC2012_val_00000486.png	baboon	1.77040	flat-coated_retriever	parachute	0.01000	efficientnet-b0	resnet50
ILSVRC2012_val_00000487.png	cougar	10.61441	cougar	chainlink_fence	0.01000	efficientnet-b0	resnet50
ILSVRC2012_val_00000492.png	albatross	5.87972	otter	pirate	0.01000	efficientnet-b0	resnet50
ILSVRC2012_val_00000495.png	proboscis_monkey	11.50818	proboscis_monkey	window_screen	0.01000	efficientnet-b0	resnet50
ILSVRC2012_val_00000496.png	grey_whale	0.41494	grey_whale	submarine	0.01000	efficientnet-b0	resnet50
ILSVRC2012_val_00000498.png	common_newt	6.77352	common_newt	harp	0.01000	efficientnet-b0	resnet50
ILSVRC2012_val_00000500.png	otterhound	6.93259	Lakeland_terrier	muzzle	0.01000	efficientnet-b0	resnet50
ILSVRC2012_val_00000501.png	white_wolf	10.58775	ice_bear	jeep	0.01000	efficientnet-b0	resnet50
ILSVRC2012_val_00000502.png	fox_squirrel	5.70781	fox_squirrel	mousetrap	0.01000	efficientnet-b0	resnet50
ILSVRC2012_val_00000507.png	kuvasz	4.56602	kuvasz	amphibian	0.01000	efficientnet-b0	resnet50
ILSVRC2012_val_00000509.png	groom	-12.01602	killer_whale	gondola	0.01000	efficientnet-b0	resnet50
ILSVRC2012_val_00000510.png	leaf_beetle	3.84315	ladybug	hip	0.01000	efficientnet-b0	resnet50
ILSVRC2012_val_00000511.png	Walker_hound	8.01340	beagle	soccer_ball	0.01000	efficientnet-b0	resnet50
ILSVRC2012_val_00000512.png	king_snake	13.53235	king_snake	bow	0.01000	efficientnet-b0	resnet50
ILSVRC2012_val_00000517.png	red_fox	12.15058	kit_fox	tennis_ball	0.01000	efficientnet-b0	resnet50
ILSVRC2012_val_00000518.png	mongoose	9.76735	mongoose	valley	0.01000	efficientnet-b0	resnet50
ILSVRC2012_val_00000520.png	marmoset	7.14539	marmoset	window_screen	0.01000	efficientnet-b0	resnet50
ILSVRC2012_val_00000523.png	common_iguana	10.93378	common_iguana	jackfruit	0.01000	efficientnet-b0	resnet50
ILSVRC2012_val_00000524.png	cocker_spaniel	9.90588	cocker_spaniel	tennis_ball	0.01000	efficientnet-b0	resnet50
ILSVRC2012_val_00000528.png	black_grouse	6.94176	black_grouse	lakeside	0.01000	efficientnet-b0	resnet50
ILSVRC2012_val_00000529.png	scuba_diver	2.65307	scuba_diver	wreck	0.01000	efficientnet-b0	resnet50
ILSVRC2012_val_00000530.png	timber_wolf	3.76029	timber_wolf	dogsled	0.01000	efficientnet-b0	resnet50
ILSVRC2012_val_00000531.png	Greater_Swiss_Mountain_dog	8.23825	Greater_Swiss_Mountain_dog	muzzle	0.01000	efficientnet-b0	resnet50
ILSVRC2012_val_00000533.png	schipperke	6.51444	schipperke	space_heater	0.01000	efficientnet-b0	resnet50
ILSVRC2012_val_00000536.png	chow	8.00297	chow	red_wine	0.01000	efficientnet-b0	resnet50
ILSVRC2012_val_00000539.png	Sussex_spaniel	6.42913	Sussex_spaniel	tennis_ball	0.01000	efficientnet-b0	resnet50
ILSVRC2012_val_00000541.png	Komodo_dragon	5.67773	trilobite	mask	0.01000	efficientnet-b0	resnet50
ILSVRC2012_val_00000545.png	killer_whale	10.48268	killer_whale	paddle	0.01000	efficientnet-b0	resnet50
ILSVRC2012_val_00000546.png	slug	1.27116	slug	lemon	0.01000	efficientnet-b0	resnet50
ILSVRC2012_val_00000547.png	goose	14.84207	goose	ashcan	0.01000	efficientnet-b0	resnet50
ILSVRC2012_val_00000548.png	oystercatcher	10.32609	oystercatcher	flagpole	0.01000	efficientnet-b0	resnet50
ILSVRC2012_val_00000551.png	yellow_lady's_slipper	7.26905	yellow_lady's_slipper	jackfruit	0.01000	efficientnet-b0	resnet50
ILSVRC2012_val_00000552.png	water_buffalo	10.81183	water_buffalo	oxcart	0.01000	efficientnet-b0	resnet50
ILSVRC2012_val_00000553.png	chimpanzee	9.98831	chimpanzee	plow	0.01000	efficientnet-b0	resnet50
ILSVRC2012_val_00000565.png	guinea_pig	-2.00379	groom	lab_coat	0.01000	efficientnet-b0	resnet50
ILSVRC2012_val_00000570.png	goldfinch	6.85737	goldfinch	pineapple	0.01000	efficientnet-b0	resnet50
ILSVRC2012_val_00000576.png	partridge	9.80488	ruffed_grouse	worm_fence	0.01000	efficientnet-b0	resnet50
ILSVRC2012_val_00000577.png	bittern	13.32561	bittern	lakeside	0.01000	efficientnet-b0	resnet50
ILSVRC2012_val_00000578.png	dugong	3.16345	dugong	snorkel	0.01000	efficientnet-b0	resnet50
ILSVRC2012_val_00000581.png	sulphur_butterfly	3.31646	lacewing	acorn	0.01000	efficientnet-b0	resnet50
ILSVRC2012_val_00000585.png	mongoose	3.60038	weasel	mouse	0.01000	efficientnet-b0	resnet50
ILSVRC2012_val_00000588.png	Irish_terrier	7.38984	Irish_terrier	teddy	0.01000	efficientnet-b0	resnet50
ILSVRC2012_val_00000590.png	Samoyed	7.05783	Samoyed	dogsled	0.01000	efficientnet-b0	resnet50
ILSVRC2012_val_00000592.png	American_black_bear	10.81138	American_black_bear	chain_saw	0.01000	efficientnet-b0	resnet50
ILSVRC2012_val_00000593.png	spoonbill	12.41499	spoonbill	quill	0.01000	efficientnet-b0	resnet50
ILSVRC2012_val_00000594.png	Appenzeller	8.82601	Appenzeller	bath_towel	0.01000	efficientnet-b0	resnet50
ILSVRC2012_val_00000597.png	Indian_elephant	13.66500	tusker	chain_mail	0.01000	efficientnet-b0	resnet50
ILSVRC2012_val_00000599.png	beagle	4.66691	Greater_Swiss_Mountain_dog	soccer_ball	0.01000	efficientnet-b0	resnet50
ILSVRC2012_val_00000600.png	leopard	9.33788	jaguar	throne	0.01000	efficientnet-b0	resnet50
ILSVRC2012_val_00000603.png	kelpie	2.12522	Border_collie	tennis_ball	0.01000	efficientnet-b0	resnet50
ILSVRC2012_val_00000604.png	dingo	6.28595	dingo	canoe	0.01000	efficientnet-b0	resnet50
ILSVRC2012_val_00000609.png	grey_whale	10.44231	grey_whale	submarine	0.01000	efficientnet-b0	resnet50
ILSVRC2012_val_00000610.png	jaguar	14.33863	jaguar	muzzle	0.01000	efficientnet-b0	resnet50
ILSVRC2012_val_00000612.png	Norwich_terrier	7.33791	West_Highland_white_terrier	tennis_ball	0.01000	efficientnet-b0	resnet50
ILSVRC2012_val_00000613.png	Blenheim_spaniel	8.84580	Blenheim_spaniel	sunglass	0.01000	efficientnet-b0	resnet50
ILSVRC2012_val_00000617.png	hamster	5.42823	hamster	bow_tie	0.01000	efficientnet-b0	resnet50
ILSVRC2012_val_00000618.png	sulphur_butterfly	13.16718	sulphur_butterfly	buckeye	0.01000	efficientnet-b0	resnet50
ILSVRC2012_val_00000625.png	ladybug	11.72454	ladybug	hip	0.01000	efficientnet-b0	resnet50
ILSVRC2012_val_00000628.png	echidna	10.71969	echidna	paintbrush	0.01000	efficientnet-b0	resnet50
ILSVRC2012_val_00000635.png	boxer	1.18155	sorrel	muzzle	0.01000	efficientnet-b0	resnet50
ILSVRC2012_val_00000638.png	bulbul	12.42660	bulbul	wooden_spoon	0.01000	efficientnet-b0	resnet50
ILSVRC2012_val_00000639.png	damselfly	12.11346	damselfly	spider_web	0.01000	efficientnet-b0	resnet50
ILSVRC2012_val_00000642.png	guinea_pig	8.70064	beaver	mousetrap	0.01000	efficientnet-b0	resnet50
ILSVRC2012_val_00000643.png	clumber	7.57988	clumber	tennis_ball	0.01000	efficientnet-b0	resnet50
ILSVRC2012_val_00000644.png	hare	3.37862	llama	oxcart	0.01000	efficientnet-b0	resnet50
ILSVRC2012_val_00000648.png	crane	7.38618	crane	lakeside	0.01000	efficientnet-b0	resnet50
ILSVRC2012_val_00000650.png	leopard	15.05821	leopard	fur_coat	0.01000	efficientnet-b0	resnet50
ILSVRC2012_val_00000651.png	brambling	7.06158	brambling	guillotine	0.01000	efficientnet-b0	resnet50
ILSVRC2012_val_00000655.png	wallaby	8.66653	wild_boar	mousetrap	0.01000	efficientnet-b0	resnet50
ILSVRC2012_val_00000657.png	giant_panda	5.59792	giant_panda	ashcan	0.01000	efficientnet-b0	resnet50
ILSVRC2012_val_00000658.png	keeshond	6.75534	keeshond	tennis_ball	0.01000	efficientnet-b0	resnet50
ILSVRC2012_val_00000661.png	hog	6.13557	skunk	piggy_bank	0.01000	efficientnet-b0	resnet50
ILSVRC2012_val_00000665.png	English_springer	10.38865	English_springer	tennis_ball	0.01000	efficientnet-b0	resnet50
ILSVRC2012_val_00000668.png	Chesapeake_Bay_retriever	1.33642	Ibizan_hound	soccer_ball	0.01000	efficientnet-b0	resnet50
ILSVRC2012_val_00000669.png	isopod	11.77659	isopod	rotisserie	0.01000	efficientnet-b0	resnet50
ILSVRC2012_val_00000672.png	Border_collie	9.61021	Border_collie	paddle	0.01000	efficientnet-b0	resnet50
ILSVRC2012_val_00000675.png	marmot	8.28209	marmot	toilet_seat	0.01000	efficientnet-b0	resnet50
ILSVRC2012_val_00000679.png	tick	7.04153	barn_spider	spider_web	0.01000	efficientnet-b0	resnet50
ILSVRC2012_val_00000683.png	green_lizard	8.38330	common_iguana	printer	0.01000	efficientnet-b0	resnet50
ILSVRC2012_val_00000685.png	wood_rabbit	10.73408	wood_rabbit	mousetrap	0.01000	efficientnet-b0	resnet50
ILSVRC2012_val_00000688.png	rock_python	14.10273	rock_python	hair_slide	0.01000	efficientnet-b0	resnet50
ILSVRC2012_val_00000689.png	chiton	13.86305	chiton	coil	0.01000	efficientnet-b0	resnet50
ILSVRC2012_val_00000690.png	white_stork	13.98024	white_stork	soccer_ball	0.01000	efficientnet-b0	resnet50
ILSVRC2012_val_00000692.png	rhinoceros_beetle	20.41004	rhinoceros_beetle	horse_cart	0.01000	efficientnet-b0	resnet50
ILSVRC2012_val_00000694.png	Sealyham_terrier	11.21865	Sealyham_terrier	soccer_ball	0.01000	efficientnet-b0	resnet50
ILSVRC2012_val_00000695.png	guenon	9.21947	guenon	worm_fence	0.01000	efficientnet-b0	resnet50
ILSVRC2012_val_00000696.png	Yorkshire_terrier	10.51059	Yorkshire_terrier	water_bottle	0.01000	efficientnet-b0	resnet50
ILSVRC2012_val_00000699.png	puffer	10.74180	lionfish	coral_reef	0.01000	efficientnet-b0	resnet50
ILSVRC2012_val_00000703.png	chiton	15.63269	chiton	pitcher	0.01000	efficientnet-b0	resnet50
ILSVRC2012_val_00000705.png	stinkhorn	6.41368	stinkhorn	mushroom	0.01000	efficientnet-b0	resnet50
ILSVRC2012_val_00000708.png	Gordon_setter	3.40950	toy_poodle	hand_blower	0.01000	efficientnet-b0	resnet50
ILSVRC2012_val_00000709.png	Egyptian_cat	7.78029	Egyptian_cat	mouse	0.01000	efficientnet-b0	resnet50
ILSVRC2012_val_00000713.png	junco	14.30014	junco	corn	0.01000	efficientnet-b0	resnet50
ILSVRC2012_val_00000716.png	clumber	8.65307	clumber	wig	0.01000	efficientnet-b0	resnet50
ILSVRC2012_val_00000719.png	Mexican_hairless	13.28384	Mexican_hairless	sombrero	0.01000	efficientnet-b0	resnet50
ILSVRC2012_val_00000723.png	weasel	7.27197	Airedale	teddy	0.01000	efficientnet-b0	resnet50
ILSVRC2012_val_00000725.png	Dandie_Dinmont	15.20267	Dandie_Dinmont	tennis_ball	0.01000	efficientnet-b0	resnet50
ILSVRC2012_val_00000726.png	badger	14.52480	badger	doormat	0.01000	efficientnet-b0	resnet50
ILSVRC2012_val_00000729.png	malamute	7.77429	Eskimo_dog	dogsled	0.01000	efficientnet-b0	resnet50
ILSVRC2012_val_00000731.png	agaric	2.95146	agaric	mushroom	0.01000	efficientnet-b0	resnet50
ILSVRC2012_val_00000733.png	Persian_cat	1.98384	Bouvier_des_Flandres	fur_coat	0.01000	efficientnet-b0	resnet50
ILSVRC2012_val_00000735.png	spoonbill	8.99741	pelican	paddle	0.01000	efficientnet-b0	resnet50
ILSVRC2012_val_00000739.png	kite	14.17544	kite	worm_fence	0.01000	efficientnet-b0	resnet50
ILSVRC2012_val_00000744.png	drake	9.68606	drake	reel	0.01000	efficientnet-b0	resnet50
ILSVRC2012_val_00000747.png	brambling	10.45938	brambling	worm_fence	0.01000	efficientnet-b0	resnet50
ILSVRC2012_val_00000748.png	soft-coated_wheaten_terrier	9.41802	soft-coated_wheaten_terrier	lawn_mower	0.01000	efficientnet-b0	resnet50
ILSVRC2012_val_00000749.png	diamondback	8.13844	sidewinder	confectionery	0.01000	efficientnet-b0	resnet50
ILSVRC2012_val_00000751.png	redshank	2.58665	white_stork	thatch	0.01000	efficientnet-b0	resnet50
ILSVRC2012_val_00000754.png	tusker	14.17659	tusker	oxcart	0.01000	efficientnet-b0	resnet50
ILSVRC2012_val_00000755.png	earthstar	4.87404	earthstar	acorn	0.01000	efficientnet-b0	resnet50
ILSVRC2012_val_00000756.png	kit_fox	10.90677	kit_fox	freight_car	0.01000	efficientnet-b0	resnet50
ILSVRC2012_val_00000758.png	Appenzeller	7.23882	Appenzeller	library	0.01000	efficientnet-b0	resnet50
ILSVRC2012_val_00000768.png	tiger_beetle	0.63452	ant	pineapple	0.01000	efficientnet-b0	resnet50
ILSVRC2012_val_00000772.png	mantis	4.28622	mantis	spider_web	0.01000	efficientnet-b0	resnet50
ILSVRC2012_val_00000774.png	spoonbill	5.29589	spoonbill	lakeside	0.01000	efficientnet-b0	resnet50
ILSVRC2012_val_00000775.png	barracouta	11.77666	barracouta	reel	0.01000	efficientnet-b0	resnet50
ILSVRC2012_val_00000779.png	meerkat	10.46095	mongoose	mousetrap	0.01000	efficientnet-b0	resnet50
ILSVRC2012_val_00000781.png	conch	10.73138	conch	sandbar	0.01000	efficientnet-b0	resnet50
ILSVRC2012_val_00000785.png	dingo	9.84892	kelpie	tennis_ball	0.01000	efficientnet-b0	resnet50
ILSVRC2012_val_00000786.png	boa_constrictor	12.76493	boa_constrictor	hair_slide	0.01000	efficientnet-b0	resnet50
ILSVRC2012_val_00000788.png	chimpanzee	0.71012	three-toed_sloth	tile_roof	0.01000	efficientnet-b0	resnet50
ILSVRC2012_val_00000791.png	leatherback_turtle	3.81854	conch	acorn	0.01000	efficientnet-b0	resnet50
ILSVRC2012_val_00000794.png	little_blue_heron	15.42143	little_blue_heron	lakeside	0.01000	efficientnet-b0	resnet50
ILSVRC2012_val_00000796.png	tiger_cat	9.14963	tiger_cat	doormat	0.01000	efficientnet-b0	resnet50
ILSVRC2012_val_00000799.png	silky_terrier	9.77671	Yorkshire_terrier	dining_table	0.01000	efficientnet-b0	resnet50
ILSVRC2012_val_00000800.png	standard_poodle	5.73109	siamang	bannister	0.01000	efficientnet-b0	resnet50
ILSVRC2012_val_00000802.png	Tibetan_terrier	5.36731	Tibetan_mastiff	bearskin	0.01000	efficientnet-b0	resnet50
ILSVRC2012_val_00000806.png	garter_snake	8.72584	garter_snake	shopping_basket	0.01000	efficientnet-b0	resnet50
ILSVRC2012_val_00000807.png	eft	9.15586	eft	reel	0.01000	efficientnet-b0	resnet50
ILSVRC2012_val_00000810.png	ringlet	0.66810	ringlet	cardoon	0.01000	efficientnet-b0	resnet50
ILSVRC2012_val_00000818.png	fiddler_crab	4.64842	fiddler_crab	snorkel	0.01000	efficientnet-b0	resnet50
ILSVRC2012_val_00000819.png	rhinoceros_beetle	17.55686	rhinoceros_beetle	teapot	0.01000	efficientnet-b0	resnet50
ILSVRC2012_val_00000821.png	king_crab	3.05771	king_crab	butcher_shop	0.01000	efficientnet-b0	resnet50
ILSVRC2012_val_00000824.png	flat-coated_retriever	9.74136	Newfoundland	lakeside	0.01000	efficientnet-b0	resnet50
ILSVRC2012_val_00000825.png	American_coot	9.59139	water_ouzel	worm_fence	0.01000	efficientnet-b0	resnet50
ILSVRC2012_val_00000828.png	titi	6.86061	beaver	birdhouse	0.01000	efficientnet-b0	resnet50
ILSVRC2012_val_00000832.png	Border_terrier	-1.77506	tabby	refrigerator	0.01000	efficientnet-b0	resnet50
ILSVRC2012_val_00000836.png	nematode	4.29790	lacewing	lemon	0.01000	efficientnet-b0	resnet50
ILSVRC2012_val_00000837.png	chickadee	10.93567	chickadee	crossword_puzzle	0.01000	efficientnet-b0	resnet50
ILSVRC2012_val_00000838.png	basset	-1.02806	beagle	seat_belt	0.01000	efficientnet-b0	resnet50
ILSVRC2012_val_00000847.png	Bouvier_des_Flandres	5.85968	miniature_schnauzer	ping-pong_ball	0.01000	efficientnet-b0	resnet50
ILSVRC2012_val_00000860.png	ptarmigan	15.71295	ptarmigan	alp	0.01000	efficientnet-b0	resnet50
ILSVRC2012_val_00000865.png	American_black_bear	11.07043	wild_boar	castle	0.01000	efficientnet-b0	resnet50
ILSVRC2012_val_00000867.png	miniature_poodle	7.36576	Dandie_Dinmont	bearskin	0.01000	efficientnet-b0	resnet50
ILSVRC2012_val_00000870.png	chimpanzee	-5.03173	starfish	barrow	0.01000	efficientnet-b0	resnet50
ILSVRC2012_val_00000871.png	brown_bear	6.33789	brown_bear	canoe	0.01000	efficientnet-b0	resnet50
ILSVRC2012_val_00000873.png	house_finch	9.21243	house_finch	table_lamp	0.01000	efficientnet-b0	resnet50
ILSVRC2012_val_00000875.png	Norwich_terrier	9.04862	Norwich_terrier	tennis_ball	0.01000	efficientnet-b0	resnet50
ILSVRC2012_val_00000877.png	harvestman	9.21232	harvestman	spider_web	0.01000	efficientnet-b0	resnet50
ILSVRC2012_val_00000878.png	spoonbill	11.70901	spoonbill	birdhouse	0.01000	efficientnet-b0	resnet50
ILSVRC2012_val_00000880.png	jay	12.58084	jay	quill	0.01000	efficientnet-b0	resnet50
ILSVRC2012_val_00000882.png	Tibetan_terrier	4.36602	Tibetan_terrier	muzzle	0.01000	efficientnet-b0	resnet50
ILSVRC2012_val_00000883.png	Bedlington_terrier	7.11887	Bedlington_terrier	bath_towel	0.01000	efficientnet-b0	resnet50
ILSVRC2012_val_00000884.png	bloodhound	7.69708	bloodhound	dogsled	0.01000	efficientnet-b0	resnet50
ILSVRC2012_val_00000885.png	black_grouse	14.60711	black_grouse	worm_fence	0.01000	efficientnet-b0	resnet50
ILSVRC2012_val_00000888.png	kite	1.84736	kite	fur_coat	0.01000	efficientnet-b0	resnet50
ILSVRC2012_val_00000889.png	standard_schnauzer	9.68960	standard_schnauzer	bath_towel	0.01000	efficientnet-b0	resnet50
ILSVRC2012_val_00000890.png	European_fire_salamander	14.53871	European_fire_salamander	school_bus	0.01000	efficientnet-b0	resnet50
ILSVRC2012_val_00000892.png	sorrel	5.83568	sorrel	horse_cart	0.01000	efficientnet-b0	resnet50
ILSVRC2012_val_00000898.png	lynx	7.27690	lynx	bucket	0.01000	efficientnet-b0	resnet50
ILSVRC2012_val_00000907.png	Shih-Tzu	-2.51612	Shih-Tzu	tennis_ball	0.01000	efficientnet-b0	resnet50
ILSVRC2012_val_00000908.png	whiptail	10.69994	whiptail	harmonica	0.01000	efficientnet-b0	resnet50
ILSVRC2012_val_00000909.png	bloodhound	9.17683	bloodhound	seat_belt	0.01000	efficientnet-b0	resnet50
ILSVRC2012_val_00000911.png	cock	13.70180	hen	worm_fence	0.01000	efficientnet-b0	resnet50
ILSVRC2012_val_00000912.png	timber_wolf	13.52501	coyote	hay	0.01000	efficientnet-b0	resnet50
ILSVRC2012_val_00000916.png	vulture	13.97475	vulture	waffle_iron	0.01000	efficientnet-b0	resnet50
ILSVRC2012_val_00000918.png	puffer	-3.01842	puffer	snorkel	0.01000	efficientnet-b0	resnet50
ILSVRC2012_val_00000921.png	electric_ray	2.45493	rock_crab	rotisserie	0.01000	efficientnet-b0	resnet50
ILSVRC2012_val_00000922.png	Norwich_terrier	5.79031	cairn	bath_towel	0.01000	efficientnet-b0	resnet50
ILSVRC2012_val_00000924.png	dung_beetle	12.73568	dung_beetle	honeycomb	0.01000	efficientnet-b0	resnet50
ILSVRC2012_val_00000925.png	green_lizard	9.27335	tree_frog	spider_web	0.01000	efficientnet-b0	resnet50
ILSVRC2012_val_00000926.png	long-horned_beetle	2.62571	bee	honeycomb	0.01000	efficientnet-b0	resnet50
ILSVRC2012_val_00000929.png	coucal	18.20282	coucal	worm_fence	0.01000	efficientnet-b0	resnet50
ILSVRC2012_val_00000930.png	leatherback_turtle	7.44093	leatherback_turtle	screw	0.01000	efficientnet-b0	resnet50
ILSVRC2012_val_00000933.png	eel	2.06409	sea_snake	coral_reef	0.01000	efficientnet-b0	resnet50
ILSVRC2012_val_00000934.png	tarantula	8.53038	tarantula	spider_web	0.01000	efficientnet-b0	resnet50
ILSVRC2012_val_00000937.png	wood_rabbit	9.88711	hare	hay	0.01000	efficientnet-b0	resnet50
ILSVRC2012_val_00000938.png	leatherback_turtle	1.50781	miniature_poodle	sunscreen	0.01000	efficientnet-b0	resnet50
ILSVRC2012_val_00000939.png	flamingo	0.37784	flamingo	orange	0.01000	efficientnet-b0	resnet50
ILSVRC2012_val_00000940.png	platypus	6.82979	bullfrog	water_bottle	0.01000	efficientnet-b0	resnet50
ILSVRC2012_val_00000941.png	king_snake	10.88891	king_snake	teddy	0.01000	efficientnet-b0	resnet50
ILSVRC2012_val_00000943.png	tick	15.06338	tick	hip	0.01000	efficientnet-b0	resnet50
ILSVRC2012_val_00000944.png	tree_frog	12.04062	tree_frog	pot	0.01000	efficientnet-b0	resnet50
ILSVRC2012_val_00000945.png	baboon	6.54480	baboon	bucket	0.01000	efficientnet-b0	resnet50
ILSVRC2012_val_00000946.png	German_shepherd	4.68364	German_shepherd	muzzle	0.01000	efficientnet-b0	resnet50
ILSVRC2012_val_00000948.png	Rhodesian_ridgeback	5.69541	dingo	muzzle	0.01000	efficientnet-b0	resnet50
ILSVRC2012_val_00000949.png	Yorkshire_terrier	7.77328	Yorkshire_terrier	quilt	0.01000	efficientnet-b0	resnet50
ILSVRC2012_val_00000952.png	toucan	15.11577	toucan	hatchet	0.01000	efficientnet-b0	resnet50
ILSVRC2012_val_00000954.png	coral_fungus	1.10001	coral_fungus	mushroom	0.01000	efficientnet-b0	resnet50
ILSVRC2012_val_00000956.png	ground_beetle	6.30972	ant	honeycomb	0.01000	efficientnet-b0	resnet50
ILSVRC2012_val_00000958.png	loggerhead	5.52427	marmot	mousetrap	0.01000	efficientnet-b0	resnet50
ILSVRC2012_val_00000962.png	water_ouzel	15.26523	water_ouzel	lakeside	0.01000	efficientnet-b0	resnet50
ILSVRC2012_val_00000963.png	magpie	9.60891	magpie	worm_fence	0.01000	efficientnet-b0	resnet50
ILSVRC2012_val_00000964.png	patas	13.18918	patas	buckeye	0.01000	efficientnet-b0	resnet50
ILSVRC2012_val_00000965.png	damselfly	15.49845	damselfly	ballpoint	0.01000	efficientnet-b0	resnet50
ILSVRC2012_val_00000967.png	stinkhorn	3.04995	tailed_frog	acorn	0.01000	efficientnet-b0	resnet50
ILSVRC2012_val_00000970.png	koala	10.83732	koala	teddy	0.01000	efficientnet-b0	resnet50
ILSVRC2012_val_00000972.png	grasshopper	11.27931	grasshopper	zucchini	0.01000	efficientnet-b0	resnet50
ILSVRC2012_val_00000974.png	chimpanzee	7.47372	chimpanzee	rifle	0.01000	efficientnet-b0	resnet50
ILSVRC2012_val_00000975.png	bull_mastiff	8.84232	bull_mastiff	muzzle	0.01000	efficientnet-b0	resnet50
ILSVRC2012_val_00000978.png	frilled_lizard	-1.89369	common_iguana	assault_rifle	0.01000	efficientnet-b0	resnet50
ILSVRC2012_val_00000981.png	Angora	10.78403	Angora	feather_boa	0.01000	efficientnet-b0	resnet50
ILSVRC2012_val_00000983.png	hyena	6.10604	hyena	tennis_ball	0.01000	efficientnet-b0	resnet50
ILSVRC2012_val_00000986.png	wolf_spider	8.95043	wolf_spider	spider_web	0.01000	efficientnet-b0	resnet50
ILSVRC2012_val_00000990.png	sea_urchin	11.39433	sea_urchin	coral_reef	0.01000	efficientnet-b0	resnet50
ILSVRC2012_val_00000992.png	basset	9.80026	basset	mortar	0.01000	efficientnet-b0	resnet50
ILSVRC2012_val_00000993.png	Siberian_husky	6.10318	Siberian_husky	dogsled	0.01000	efficientnet-b0	resnet50
ILSVRC2012_val_00000994.png	goldfish	13.69901	goldfish	coral_reef	0.01000	efficientnet-b0	resnet50
ILSVRC2012_val_00000996.png	rock_beauty	-1.61747	rock_beauty	coral_reef	0.01000	efficientnet-b0	resnet50
ILSVRC2012_val_00000997.png	Cardigan	3.27445	Cardigan	soccer_ball	0.01000	efficientnet-b0	resnet50
ILSVRC2012_val_00001001.png	wire-haired_fox_terrier	5.02691	Lakeland_terrier	bucket	0.01000	efficientnet-b0	resnet50
ILSVRC2012_val_00001003.png	fox_squirrel	10.31641	fox_squirrel	mousetrap	0.01000	efficientnet-b0	resnet50
ILSVRC2012_val_00001005.png	EntleBucher	7.66241	EntleBucher	tennis_ball	0.01000	efficientnet-b0	resnet50
ILSVRC2012_val_00001007.png	scorpion	13.73998	scorpion	chain	0.01000	efficientnet-b0	resnet50
ILSVRC2012_val_00001009.png	pug	2.78647	pug	bow_tie	0.01000	efficientnet-b0	resnet50
ILSVRC2012_val_00001010.png	eft	12.24191	eft	paper_towel	0.01000	efficientnet-b0	resnet50
ILSVRC2012_val_00001014.png	cabbage_butterfly	15.84096	cabbage_butterfly	head_cabbage	0.01000	efficientnet-b0	resnet50
ILSVRC2012_val_00001015.png	ringlet	-0.38172	ringlet	mushroom	0.01000	efficientnet-b0	resnet50
ILSVRC2012_val_00001022.png	alligator_lizard	16.95404	alligator_lizard	corn	0.01000	efficientnet-b0	resnet50
ILSVRC2012_val_00001024.png	bulbul	9.96342	bulbul	worm_fence	0.01000	efficientnet-b0	resnet50
ILSVRC2012_val_00001025.png	indri	1.77295	Madagascar_cat	jigsaw_puzzle	0.01000	efficientnet-b0	resnet50
ILSVRC2012_val_00001026.png	sea_urchin	2.69022	sea_urchin	cardoon	0.01000	efficientnet-b0	resnet50
ILSVRC2012_val_00001027.png	ram	7.85594	ram	swab	0.01000	efficientnet-b0	resnet50
ILSVRC2012_val_00001028.png	Dandie_Dinmont	3.05056	Dandie_Dinmont	espresso_maker	0.01000	efficientnet-b0	resnet50
ILSVRC2012_val_00001031.png	ostrich	22.42154	ostrich	sunscreen	0.01000	efficientnet-b0	resnet50
ILSVRC2012_val_00001032.png	patas	6.92764	marmoset	hatchet	0.01000	efficientnet-b0	resnet50
ILSVRC2012_val_00001033.png	European_fire_salamander	12.21474	European_fire_salamander	screwdriver	0.01000	efficientnet-b0	resnet50
ILSVRC2012_val_00001036.png	wallaby	14.94398	wallaby	mousetrap	0.01000	efficientnet-b0	resnet50
ILSVRC2012_val_00001037.png	black_and_gold_garden_spider	5.16911	black_and_gold_garden_spider	spider_web	0.01000	efficientnet-b0	resnet50
ILSVRC2012_val_00001038.png	schipperke	6.75355	groenendael	soccer_ball	0.01000	efficientnet-b0	resnet50
ILSVRC2012_val_00001039.png	Mexican_hairless	6.94909	Mexican_hairless	mousetrap	0.01000	efficientnet-b0	resnet50
ILSVRC2012_val_00001040.png	Persian_cat	-0.30452	toy_poodle	teddy	0.01000	efficientnet-b0	resnet50
ILSVRC2012_val_00001042.png	ringneck_snake	10.81846	ringneck_snake	knot	0.01000	efficientnet-b0	resnet50
ILSVRC2012_val_00001044.png	black_swan	16.03709	black_swan	lakeside	0.01000	efficientnet-b0	resnet50
ILSVRC2012_val_00001046.png	bittern	20.45129	bittern	lakeside	0.01000	efficientnet-b0	resnet50
ILSVRC2012_val_00001047.png	Rhodesian_ridgeback	8.30322	Rhodesian_ridgeback	tennis_ball	0.01000	efficientnet-b0	resnet50
ILSVRC2012_val_00001049.png	Chihuahua	11.76480	Chihuahua	space_heater	0.01000	efficientnet-b0	resnet50
ILSVRC2012_val_00001050.png	llama	11.76466	llama	oxcart	0.01000	efficientnet-b0	resnet50
ILSVRC2012_val_00001051.png	rock_beauty	9.14615	rock_beauty	coral_reef	0.01000	efficientnet-b0	resnet50
ILSVRC2012_val_00001053.png	black_and_gold_garden_spider	4.25798	garden_spider	spider_web	0.01000	efficientnet-b0	resnet50
ILSVRC2012_val_00001054.png	Madagascar_cat	14.07448	Madagascar_cat	tripod	0.01000	efficientnet-b0	resnet50
ILSVRC2012_val_00001056.png	king_penguin	-1.28154	king_penguin	valley	0.01000	efficientnet-b0	resnet50
ILSVRC2012_val_00001057.png	brain_coral	4.95508	brain_coral	coral_reef	0.01000	efficientnet-b0	resnet50
ILSVRC2012_val_00001060.png	cheetah	9.40158	cheetah	fur_coat	0.01000	efficientnet-b0	resnet50
ILSVRC2012_val_00001065.png	Pomeranian	8.84950	Pomeranian	muzzle	0.01000	efficientnet-b0	resnet50
ILSVRC2012_val_00001066.png	hippopotamus	10.70847	hippopotamus	plow	0.01000	efficientnet-b0	resnet50
ILSVRC2012_val_00001067.png	American_egret	17.23600	American_egret	quill	0.01000	efficientnet-b0	resnet50
ILSVRC2012_val_00001068.png	black_stork	15.43166	black_stork	screwdriver	0.01000	efficientnet-b0	resnet50
ILSVRC2012_val_00001069.png	Pekinese	2.74433	Pekinese	jean	0.01000	efficientnet-b0	resnet50
ILSVRC2012_val_00001070.png	German_short-haired_pointer	6.70218	German_short-haired_pointer	tennis_ball	0.01000	efficientnet-b0	resnet50
ILSVRC2012_val_00001073.png	bustard	11.29028	black_grouse	mushroom	0.01000	efficientnet-b0	resnet50
ILSVRC2012_val_00001074.png	Bouvier_des_Flandres	2.87118	keeshond	bib	0.01000	efficientnet-b0	resnet50
ILSVRC2012_val_00001075.png	proboscis_monkey	13.81131	proboscis_monkey	cash_machine	0.01000	efficientnet-b0	resnet50
ILSVRC2012_val_00001082.png	cockroach	9.68828	cockroach	digital_clock	0.01000	efficientnet-b0	resnet50
ILSVRC2012_val_00001083.png	gyromitra	3.82306	gyromitra	mushroom	0.01000	efficientnet-b0	resnet50
ILSVRC2012_val_00001084.png	jay	8.47801	jay	birdhouse	0.01000	efficientnet-b0	resnet50
ILSVRC2012_val_00001088.png	hare	2.97047	hog	lawn_mower	0.01000	efficientnet-b0	resnet50
ILSVRC2012_val_00001092.png	guenon	4.30354	spider_monkey	chainlink_fence	0.01000	efficientnet-b0	resnet50
ILSVRC2012_val_00001095.png	colobus	13.02779	colobus	chainlink_fence	0.01000	efficientnet-b0	resnet50
ILSVRC2012_val_00001096.png	Pembroke	4.07029	basenji	bassinet	0.01000	efficientnet-b0	resnet50
ILSVRC2012_val_00001097.png	bluetick	3.39685	bluetick	tennis_ball	0.01000	efficientnet-b0	resnet50
ILSVRC2012_val_00001099.png	marmoset	15.34765	marmoset	binoculars	0.01000	efficientnet-b0	resnet50
ILSVRC2012_val_00001101.png	Persian_cat	4.25478	Egyptian_cat	mouse	0.01000	efficientnet-b0	resnet50
ILSVRC2012_val_00001104.png	titi	4.46078	macaque	bucket	0.01000	efficientnet-b0	resnet50
ILSVRC2012_val_00001108.png	vine_snake	-5.62714	crayfish	jigsaw_puzzle	0.01000	efficientnet-b0	resnet50
ILSVRC2012_val_00001109.png	groenendael	6.96052	Leonberg	muzzle	0.01000	efficientnet-b0	resnet50
ILSVRC2012_val_00001112.png	golden_retriever	5.42443	golden_retriever	ice_lolly	0.01000	efficientnet-b0	resnet50
ILSVRC2012_val_00001113.png	komondor	11.26153	komondor	swab	0.01000	efficientnet-b0	resnet50
ILSVRC2012_val_00001114.png	hen	11.35559	hen	worm_fence	0.01000	efficientnet-b0	resnet50
ILSVRC2012_val_00001121.png	redshank	14.28963	redshank	lakeside	0.01000	efficientnet-b0	resnet50
ILSVRC2012_val_00001122.png	fiddler_crab	13.86459	fiddler_crab	coral_reef	0.01000	efficientnet-b0	resnet50
ILSVRC2012_val_00001123.png	golden_retriever	9.90249	clumber	doormat	0.01000	efficientnet-b0	resnet50
ILSVRC2012_val_00001124.png	king_crab	12.05242	crayfish	seat_belt	0.01000	efficientnet-b0	resnet50
ILSVRC2012_val_00001128.png	English_foxhound	5.81444	Walker_hound	soccer_ball	0.01000	efficientnet-b0	resnet50
ILSVRC2012_val_00001129.png	Newfoundland	14.14757	Bouvier_des_Flandres	muzzle	0.01000	efficientnet-b0	resnet50
ILSVRC2012_val_00001130.png	yellow_lady's_slipper	13.44160	yellow_lady's_slipper	jack-o'-lantern	0.01000	efficientnet-b0	resnet50
ILSVRC2012_val_00001131.png	spotted_salamander	15.88521	spotted_salamander	reel	0.01000	efficientnet-b0	resnet50
ILSVRC2012_val_00001132.png	Persian_cat	3.26405	Persian_cat	carton	0.01000	efficientnet-b0	resnet50
ILSVRC2012_val_00001136.png	black_grouse	14.76340	black_grouse	baseball	0.01000	efficientnet-b0	resnet50
ILSVRC2012_val_00001137.png	Ibizan_hound	-0.47905	Mexican_hairless	punching_bag	0.01000	efficientnet-b0	resnet50
ILSVRC2012_val_00001138.png	axolotl	12.98306	axolotl	feather_boa	0.01000	efficientnet-b0	resnet50
ILSVRC2012_val_00001141.png	Blenheim_spaniel	9.26386	Blenheim_spaniel	tennis_ball	0.01000	efficientnet-b0	resnet50
ILSVRC2012_val_00001142.png	coucal	11.82254	coucal	stole	0.01000	efficientnet-b0	resnet50
ILSVRC2012_val_00001146.png	peacock	5.36937	peacock	fountain	0.01000	efficientnet-b0	resnet50
ILSVRC2012_val_00001147.png	Shetland_sheepdog	8.75169	Shetland_sheepdog	tennis_ball	0.01000	efficientnet-b0	resnet50
ILSVRC2012_val_00001148.png	dhole	11.21900	dhole	mailbox	0.01000	efficientnet-b0	resnet50
ILSVRC2012_val_00001150.png	black_widow	6.69603	black_widow	spider_web	0.01000	efficientnet-b0	resnet50
ILSVRC2012_val_00001152.png	chow	7.39345	chow	pay-phone	0.01000	efficientnet-b0	resnet50
ILSVRC2012_val_00001155.png	baboon	8.18648	skunk	cliff	0.01000	efficientnet-b0	resnet50
ILSVRC2012_val_00001158.png	toucan	7.44405	toucan	hip	0.01000	efficientnet-b0	resnet50
ILSVRC2012_val_00001161.png	starfish	13.28465	starfish	corn	0.01000	efficientnet-b0	resnet50
ILSVRC2012_val_00001162.png	red-backed_sandpiper	6.86560	red-backed_sandpiper	shoe_shop	0.01000	efficientnet-b0	resnet50
