img_fn	human_readable_label	loss_val	n_queries	top_organism_label	top_object_label	dist
ILSVRC2012_val_00000001.png	sea_snake	-2.92640	1	water_snake	bubble	18.78014
ILSVRC2012_val_00000003.png	Shetland_sheepdog	-0.16462	51	Shetland_sheepdog	pinwheel	19.99438
ILSVRC2012_val_00000006.png	garter_snake	-2.70178	3	peacock	bubble	19.34476
ILSVRC2012_val_00000007.png	porcupine	-0.45120	1	porcupine	bubble	18.41699
ILSVRC2012_val_00000010.png	Angora	-2.00602	1	goldfish	bubble	18.51271
ILSVRC2012_val_00000011.png	brain_coral	1.34467	inf	brain_coral	coral_reef	20.00000
ILSVRC2012_val_00000012.png	cougar	0.01366	inf	cougar	bubble	20.00000
ILSVRC2012_val_00000013.png	guenon	-0.04031	62	patas	wig	19.99247
ILSVRC2012_val_00000016.png	grey_whale	-0.35226	1	eel	bubble	18.65179
ILSVRC2012_val_00000017.png	sea_anemone	-0.61611	36	goldfish	candle	19.97131
ILSVRC2012_val_00000018.png	vulture	-0.22815	20	vulture	feather_boa	19.83112
ILSVRC2012_val_00000021.png	porcupine	-0.53877	16	hummingbird	bubble	19.98308
ILSVRC2012_val_00000022.png	Ibizan_hound	-1.40846	3	Bedlington_terrier	bubble	19.46146
ILSVRC2012_val_00000025.png	vulture	-0.24509	129	peacock	worm_fence	20.00000
ILSVRC2012_val_00000027.png	white_wolf	-0.73534	27	white_wolf	bubble	19.96257
ILSVRC2012_val_00000028.png	English_foxhound	-0.52375	9	American_Staffordshire_terrier	bubble	19.91586
ILSVRC2012_val_00000029.png	green_snake	-0.04082	194	green_snake	golf_ball	19.99947
ILSVRC2012_val_00000031.png	cabbage_butterfly	-0.01276	159	bee	cardoon	19.99378
ILSVRC2012_val_00000033.png	sea_lion	-0.46601	1	puffer	vase	18.83202
ILSVRC2012_val_00000034.png	ballplayer	-3.02952	1	coho	knee_pad	18.15311
ILSVRC2012_val_00000037.png	tailed_frog	-5.70800	1	goldfish	bubble	18.87865
ILSVRC2012_val_00000040.png	garden_spider	-0.02614	104	garden_spider	spider_web	19.99874
ILSVRC2012_val_00000043.png	spoonbill	-0.04124	146	spoonbill	bubble	20.00000
ILSVRC2012_val_00000044.png	standard_schnauzer	-0.18483	154	cairn	feather_boa	20.00000
ILSVRC2012_val_00000045.png	Newfoundland	-0.11232	2	cairn	feather_boa	18.92284
ILSVRC2012_val_00000048.png	English_foxhound	-8.60471	1	hummingbird	bubble	18.67471
ILSVRC2012_val_00000050.png	sturgeon	-0.13766	1	coho	sarong	18.38948
ILSVRC2012_val_00000051.png	bee_eater	-0.11603	38	hummingbird	pinwheel	20.00000
ILSVRC2012_val_00000052.png	axolotl	-1.13626	41	axolotl	bubble	19.93525
ILSVRC2012_val_00000055.png	polecat	-3.74737	1	hamster	bubble	18.54823
ILSVRC2012_val_00000057.png	Pomeranian	-0.13775	113	Pekinese	bubble	19.95183
ILSVRC2012_val_00000058.png	stinkhorn	-0.60991	18	stinkhorn	pot	19.91777
ILSVRC2012_val_00000062.png	Kerry_blue_terrier	-0.36801	10	peacock	feather_boa	19.87260
ILSVRC2012_val_00000063.png	jellyfish	-4.35211	1	stingray	bubble	17.98430
ILSVRC2012_val_00000064.png	green_lizard	-0.38210	44	green_lizard	cucumber	19.99200
ILSVRC2012_val_00000066.png	eel	-0.11966	144	puffer	coral_reef	19.98687
ILSVRC2012_val_00000067.png	tusker	-0.01045	215	tusker	chain_mail	20.00000
ILSVRC2012_val_00000072.png	dugong	-0.31412	1	dugong	maraca	18.09383
ILSVRC2012_val_00000073.png	kite	-0.50101	13	hummingbird	bubble	19.80546
ILSVRC2012_val_00000075.png	black_grouse	-0.19903	33	black_grouse	bubble	19.96543
ILSVRC2012_val_00000077.png	Rhodesian_ridgeback	-0.02456	290	boxer	bathing_cap	19.99828
ILSVRC2012_val_00000078.png	African_hunting_dog	-2.28863	1	boxer	bubble	18.79684
ILSVRC2012_val_00000079.png	otterhound	-0.08734	12	Australian_terrier	bubble	19.84827
ILSVRC2012_val_00000082.png	Afghan_hound	-0.14701	20	Afghan_hound	feather_boa	19.98954
ILSVRC2012_val_00000084.png	water_snake	-0.65051	5	hummingbird	paintbrush	19.63761
ILSVRC2012_val_00000087.png	siamang	-3.95335	1	nematode	bubble	17.73884
ILSVRC2012_val_00000088.png	spotted_salamander	-5.20733	1	crayfish	bubble	18.75211
ILSVRC2012_val_00000090.png	American_alligator	1.38499	inf	hummingbird	cardoon	20.00000
ILSVRC2012_val_00000091.png	white_wolf	-0.29679	10	Great_Pyrenees	feather_boa	19.87790
ILSVRC2012_val_00000092.png	Madagascar_cat	-0.32466	19	spider_monkey	bubble	19.73877
ILSVRC2012_val_00000093.png	gorilla	-0.28939	3	gorilla	bubble	19.34197
ILSVRC2012_val_00000095.png	macaque	-0.28295	23	Yorkshire_terrier	bubble	19.86601
ILSVRC2012_val_00000097.png	wood_rabbit	-0.04320	57	beaver	bubble	19.97231
ILSVRC2012_val_00000098.png	dowitcher	-1.00912	19	hummingbird	bubble	19.98658
ILSVRC2012_val_00000100.png	bighorn	-0.03671	1	peacock	bubble	18.89096
ILSVRC2012_val_00000102.png	Rhodesian_ridgeback	-0.06057	10	American_Staffordshire_terrier	bubble	19.85827
ILSVRC2012_val_00000105.png	silky_terrier	-2.19260	1	silky_terrier	bubble	18.77092
ILSVRC2012_val_00000107.png	harvestman	-0.24695	23	harvestman	maypole	19.76384
ILSVRC2012_val_00000111.png	American_lobster	-0.06925	17	American_lobster	plate	19.89095
ILSVRC2012_val_00000113.png	kelpie	-0.15835	99	Doberman	bubble	19.99529
ILSVRC2012_val_00000115.png	Ibizan_hound	-0.72733	8	Pembroke	bubble	19.92911
ILSVRC2012_val_00000124.png	rock_beauty	-0.04483	182	sea_slug	coral_reef	19.99867
ILSVRC2012_val_00000125.png	grasshopper	-1.39179	1	hummingbird	hip	18.78423
ILSVRC2012_val_00000127.png	impala	-0.82183	1	bee_eater	bubble	18.81454
ILSVRC2012_val_00000128.png	bald_eagle	-0.37261	100	hummingbird	bubble	19.95596
ILSVRC2012_val_00000130.png	Persian_cat	-0.22263	14	Persian_cat	bubble	19.77953
ILSVRC2012_val_00000133.png	hyena	-0.15097	31	sea_slug	bubble	19.46801
ILSVRC2012_val_00000134.png	Doberman	-0.10233	20	Doberman	bubble	19.99586
ILSVRC2012_val_00000136.png	warthog	-0.03992	15	brain_coral	bubble	19.88318
ILSVRC2012_val_00000138.png	sea_urchin	2.05089	inf	sea_urchin	cardoon	20.00000
ILSVRC2012_val_00000141.png	bloodhound	-3.47130	1	Siamese_cat	bubble	17.72884
ILSVRC2012_val_00000142.png	sea_urchin	-0.07877	143	sea_urchin	coral_reef	19.98613
ILSVRC2012_val_00000147.png	toy_poodle	-0.08221	26	cock	bubble	20.00000
ILSVRC2012_val_00000153.png	common_iguana	0.28155	inf	eel	coral_reef	19.99863
ILSVRC2012_val_00000154.png	sea_slug	1.13706	inf	eel	coral_reef	19.99915
ILSVRC2012_val_00000156.png	coyote	-0.51561	20	hummingbird	bubble	19.96860
ILSVRC2012_val_00000157.png	red_fox	-0.05105	46	Pomeranian	pinwheel	19.94862
ILSVRC2012_val_00000161.png	Irish_setter	-0.00288	168	Shetland_sheepdog	tennis_ball	20.00000
ILSVRC2012_val_00000170.png	toy_terrier	-1.97952	1	miniature_pinscher	bubble	18.67209
ILSVRC2012_val_00000172.png	English_setter	-0.80050	7	English_setter	bubble	19.61687
ILSVRC2012_val_00000174.png	Great_Pyrenees	-0.35238	68	Maltese_dog	toyshop	19.95947
ILSVRC2012_val_00000176.png	miniature_schnauzer	0.60895	inf	Scotch_terrier	pinwheel	20.00000
ILSVRC2012_val_00000177.png	red-backed_sandpiper	-0.06469	29	European_gallinule	bubble	19.95889
ILSVRC2012_val_00000178.png	Eskimo_dog	4.08221	inf	Eskimo_dog	dogsled	20.00000
ILSVRC2012_val_00000179.png	sorrel	-0.33106	1	sorrel	bubble	18.54054
ILSVRC2012_val_00000180.png	Shetland_sheepdog	-0.01095	41	groenendael	bubble	19.90518
ILSVRC2012_val_00000181.png	skunk	-1.43190	1	skunk	feather_boa	18.75256
ILSVRC2012_val_00000186.png	snow_leopard	-0.46172	14	snow_leopard	mitten	19.90984
ILSVRC2012_val_00000188.png	coyote	-0.03712	100	dhole	hair_slide	19.98582
ILSVRC2012_val_00000189.png	platypus	-3.62992	1	goldfish	bubble	18.44888
ILSVRC2012_val_00000191.png	American_Staffordshire_terrier	-0.08470	67	American_Staffordshire_terrier	bubble	19.99334
ILSVRC2012_val_00000195.png	Dungeness_crab	-0.03607	29	Dungeness_crab	bubble	19.93432
ILSVRC2012_val_00000196.png	lionfish	5.30614	inf	lionfish	coral_reef	20.00000
ILSVRC2012_val_00000198.png	bulbul	-1.05434	6	bulbul	bubble	19.64942
ILSVRC2012_val_00000200.png	gyromitra	-0.01612	29	hen-of-the-woods	mushroom	19.99776
ILSVRC2012_val_00000203.png	Bouvier_des_Flandres	-0.03152	28	Lakeland_terrier	feather_boa	19.98937
ILSVRC2012_val_00000206.png	proboscis_monkey	-0.38405	3	spider_monkey	bubble	19.30953
ILSVRC2012_val_00000207.png	albatross	-3.26171	1	Border_terrier	bubble	18.94089
ILSVRC2012_val_00000211.png	Siamese_cat	-0.44087	28	Siamese_cat	bubble	19.96010
ILSVRC2012_val_00000217.png	bulbul	-0.01076	130	hummingbird	bubble	19.99999
ILSVRC2012_val_00000218.png	wolf_spider	0.19447	inf	wolf_spider	spider_web	20.00000
ILSVRC2012_val_00000220.png	pug	-0.00668	26	pug	bubble	19.96985
ILSVRC2012_val_00000224.png	Irish_setter	-0.69476	39	Irish_setter	bubble	19.92722
ILSVRC2012_val_00000225.png	European_fire_salamander	-0.91107	40	European_fire_salamander	bubble	19.98011
ILSVRC2012_val_00000227.png	Brittany_spaniel	-0.01990	6	Brittany_spaniel	feather_boa	19.88634
ILSVRC2012_val_00000228.png	Ibizan_hound	-0.38149	5	collie	dogsled	19.69456
ILSVRC2012_val_00000229.png	mud_turtle	-3.03527	1	eel	bubble	18.32164
ILSVRC2012_val_00000231.png	hermit_crab	-7.29249	1	peacock	bubble	18.46011
ILSVRC2012_val_00000233.png	snow_leopard	0.03272	inf	snow_leopard	bubble	20.00000
ILSVRC2012_val_00000236.png	goldfish	-3.37827	1	anemone_fish	bubble	17.18439
ILSVRC2012_val_00000237.png	English_foxhound	-0.01799	99	wire-haired_fox_terrier	soccer_ball	20.00000
ILSVRC2012_val_00000238.png	king_crab	-0.26517	17	king_crab	ice_lolly	19.91095
ILSVRC2012_val_00000242.png	gorilla	-1.28355	1	tusker	bubble	18.61935
ILSVRC2012_val_00000245.png	hermit_crab	-1.19177	10	hermit_crab	bubble	19.78495
ILSVRC2012_val_00000246.png	bighorn	-0.50001	11	peacock	bubble	19.77420
ILSVRC2012_val_00000247.png	junco	-2.21613	15	junco	bubble	19.87723
ILSVRC2012_val_00000248.png	Staffordshire_bullterrier	-0.16895	83	American_Staffordshire_terrier	muzzle	19.99900
ILSVRC2012_val_00000255.png	scuba_diver	-0.86939	1	scuba_diver	bubble	18.66932
ILSVRC2012_val_00000258.png	eft	-0.00146	293	starfish	coral_reef	20.00000
ILSVRC2012_val_00000262.png	goldfish	-1.16924	20	goldfish	bubble	19.93858
ILSVRC2012_val_00000263.png	Saluki	-0.45513	21	Saluki	bubble	19.91189
ILSVRC2012_val_00000269.png	Siberian_husky	-0.51077	1	axolotl	feather_boa	18.31195
ILSVRC2012_val_00000273.png	skunk	-2.85265	1	scuba_diver	bubble	17.78931
ILSVRC2012_val_00000276.png	eft	-0.90176	37	eft	jigsaw_puzzle	19.95524
ILSVRC2012_val_00000278.png	bee_eater	-0.17444	50	hummingbird	bubble	19.89341
ILSVRC2012_val_00000279.png	Dandie_Dinmont	-0.10308	13	toy_poodle	feather_boa	19.97148
ILSVRC2012_val_00000283.png	Persian_cat	-3.91411	1	hamster	feather_boa	18.89446
ILSVRC2012_val_00000293.png	tench	-1.49927	1	coho	bubble	18.94383
ILSVRC2012_val_00000297.png	frilled_lizard	-2.88008	1	eel	bubble	18.88764
ILSVRC2012_val_00000298.png	green_mamba	-0.09170	101	eel	bubble	19.99712
ILSVRC2012_val_00000299.png	trilobite	-2.05929	1	chiton	bubble	18.62988
ILSVRC2012_val_00000300.png	Saluki	-0.60977	62	golden_retriever	bubble	19.99437
ILSVRC2012_val_00000301.png	sea_cucumber	-2.01159	1	sea_anemone	bubble	18.86000
ILSVRC2012_val_00000303.png	tiger	-0.00094	260	jaguar	pinwheel	20.00000
ILSVRC2012_val_00000304.png	coral_fungus	-0.00992	209	coral_fungus	mushroom	19.99277
ILSVRC2012_val_00000306.png	water_buffalo	-3.00707	5	hippopotamus	bubble	19.57449
ILSVRC2012_val_00000307.png	goldfish	-0.17698	52	goldfish	bubble	19.97246
ILSVRC2012_val_00000312.png	barracouta	-0.13237	33	great_white_shark	spotlight	19.97507
ILSVRC2012_val_00000316.png	eel	-0.10123	158	eel	coral_reef	19.97102
ILSVRC2012_val_00000318.png	great_grey_owl	-0.55429	1	great_grey_owl	bubble	18.85696
ILSVRC2012_val_00000319.png	echidna	-0.42068	7	echidna	paintbrush	19.92588
ILSVRC2012_val_00000322.png	skunk	-0.13461	2	skunk	bubble	19.42148
ILSVRC2012_val_00000323.png	grey_fox	-0.63890	48	grey_fox	bubble	20.00000
ILSVRC2012_val_00000324.png	sea_snake	-3.70188	1	water_snake	bubble	18.93005
ILSVRC2012_val_00000326.png	black-footed_ferret	-5.32203	1	hamster	bubble	18.19752
ILSVRC2012_val_00000327.png	black-and-tan_coonhound	-0.43870	49	miniature_pinscher	jigsaw_puzzle	19.98694
ILSVRC2012_val_00000328.png	kite	-0.65728	1	kite	cardoon	18.55884
ILSVRC2012_val_00000329.png	cock	-2.41413	1	cock	jackfruit	17.77720
ILSVRC2012_val_00000333.png	pug	-0.92284	2	pug	bubble	19.53450
ILSVRC2012_val_00000337.png	night_snake	-0.15583	164	boa_constrictor	confectionery	19.99842
ILSVRC2012_val_00000340.png	titi	-0.20748	38	titi	pinwheel	19.99291
ILSVRC2012_val_00000341.png	groom	-1.13796	1	groom	kimono	18.07186
ILSVRC2012_val_00000342.png	dung_beetle	-0.00717	31	dung_beetle	bubble	19.97576
ILSVRC2012_val_00000343.png	llama	-3.66790	1	llama	feather_boa	18.61301
ILSVRC2012_val_00000348.png	cheetah	-0.01525	63	cheetah	pinwheel	20.00000
ILSVRC2012_val_00000350.png	Boston_bull	1.84538	inf	Boston_bull	tennis_ball	19.99996
ILSVRC2012_val_00000355.png	chow	-0.06851	24	Pomeranian	feather_boa	19.91741
ILSVRC2012_val_00000356.png	flamingo	-0.18772	27	flamingo	snorkel	19.98423
ILSVRC2012_val_00000361.png	tiger_beetle	1.22610	inf	tiger_beetle	bubble	20.00000
ILSVRC2012_val_00000362.png	box_turtle	-0.03338	55	box_turtle	bubble	19.99995
ILSVRC2012_val_00000363.png	bittern	-0.23515	41	European_gallinule	cardoon	19.98216
ILSVRC2012_val_00000370.png	coucal	-0.58805	23	hummingbird	bubble	19.97299
ILSVRC2012_val_00000371.png	brain_coral	4.44049	inf	brain_coral	coral_reef	20.00000
ILSVRC2012_val_00000375.png	Labrador_retriever	-0.95798	1	Labrador_retriever	bubble	18.26838
ILSVRC2012_val_00000379.png	cairn	-0.37146	39	Scotch_terrier	bubble	20.00000
ILSVRC2012_val_00000383.png	komondor	-0.30286	11	komondor	swab	19.74330
ILSVRC2012_val_00000386.png	jellyfish	-0.03808	222	lionfish	coral_reef	19.99867
ILSVRC2012_val_00000389.png	crane	-2.52687	1	crane	pinwheel	17.35746
ILSVRC2012_val_00000390.png	bittern	-0.07277	44	hummingbird	bubble	19.99106
ILSVRC2012_val_00000391.png	Norfolk_terrier	-0.41707	76	Norfolk_terrier	bubble	19.96500
ILSVRC2012_val_00000393.png	Shetland_sheepdog	-0.28339	29	Shetland_sheepdog	feather_boa	19.99838
ILSVRC2012_val_00000395.png	garden_spider	-0.64446	17	garden_spider	bubble	19.85832
ILSVRC2012_val_00000396.png	tarantula	-0.10518	12	tarantula	bubble	19.92661
ILSVRC2012_val_00000398.png	Madagascar_cat	-1.62509	1	peacock	pot	18.37019
ILSVRC2012_val_00000399.png	standard_poodle	-0.03629	110	toy_poodle	teddy	19.88538
ILSVRC2012_val_00000401.png	black-footed_ferret	-0.42994	164	black-footed_ferret	bubble	19.94329
ILSVRC2012_val_00000404.png	loggerhead	-0.13430	19	loggerhead	bubble	19.99307
ILSVRC2012_val_00000405.png	Scottish_deerhound	-0.02056	51	Scottish_deerhound	bubble	19.96611
ILSVRC2012_val_00000407.png	ant	-0.00862	128	tiger_beetle	safety_pin	20.00000
ILSVRC2012_val_00000409.png	white_wolf	-0.09589	79	white_wolf	bubble	19.95749
ILSVRC2012_val_00000411.png	Scotch_terrier	-3.32910	1	goldfish	bubble	17.83189
ILSVRC2012_val_00000414.png	indigo_bunting	-1.18538	18	hummingbird	bubble	19.89282
ILSVRC2012_val_00000415.png	drake	-0.27340	231	drake	bubble	20.00000
ILSVRC2012_val_00000418.png	dragonfly	-0.08765	14	garden_spider	spotlight	19.95389
ILSVRC2012_val_00000420.png	bee_eater	-0.00851	9	hummingbird	paintbrush	19.98828
ILSVRC2012_val_00000424.png	Afghan_hound	0.87355	inf	Afghan_hound	hair_slide	19.99232
ILSVRC2012_val_00000425.png	toy_poodle	-0.97816	88	toy_poodle	feather_boa	19.84835
ILSVRC2012_val_00000429.png	Kerry_blue_terrier	-3.43087	1	toy_poodle	feather_boa	17.99127
ILSVRC2012_val_00000436.png	miniature_schnauzer	-0.27174	10	Kerry_blue_terrier	bubble	19.89827
ILSVRC2012_val_00000439.png	bulbul	-0.04242	89	hummingbird	paintbrush	19.99862
ILSVRC2012_val_00000440.png	Scotch_terrier	-0.35118	18	silky_terrier	hair_slide	19.91480
ILSVRC2012_val_00000441.png	otterhound	-0.09887	90	Airedale	feather_boa	19.98598
ILSVRC2012_val_00000444.png	ibex	-0.76113	2	ibex	bubble	19.42691
ILSVRC2012_val_00000446.png	skunk	-1.13766	15	skunk	pinwheel	19.78324
ILSVRC2012_val_00000447.png	skunk	-0.73842	1	Persian_cat	safety_pin	18.03850
ILSVRC2012_val_00000450.png	Great_Pyrenees	-0.84366	21	Labrador_retriever	bubble	19.95656
ILSVRC2012_val_00000456.png	water_buffalo	-0.05153	9	eel	paintbrush	19.62109
ILSVRC2012_val_00000457.png	Maltese_dog	-0.15671	1	Maltese_dog	wig	18.34806
ILSVRC2012_val_00000462.png	Japanese_spaniel	-0.01144	95	papillon	bubble	19.99276
ILSVRC2012_val_00000466.png	black_swan	-0.15146	18	black_swan	bubble	19.89988
ILSVRC2012_val_00000470.png	redshank	-0.27666	61	European_gallinule	pinwheel	19.91710
ILSVRC2012_val_00000471.png	common_iguana	-0.00484	101	common_iguana	sombrero	20.00000
ILSVRC2012_val_00000472.png	gyromitra	-8.05249	1	stinkhorn	bubble	18.33584
ILSVRC2012_val_00000474.png	Sealyham_terrier	-0.20613	47	Sealyham_terrier	tennis_ball	20.00000
ILSVRC2012_val_00000476.png	magpie	-0.91095	39	European_gallinule	pinwheel	19.98350
ILSVRC2012_val_00000478.png	hog	-0.95392	5	hog	harmonica	19.49277
ILSVRC2012_val_00000480.png	black-footed_ferret	-0.04098	236	black-footed_ferret	bubble	19.98155
ILSVRC2012_val_00000481.png	giant_panda	-0.04529	2	ice_bear	bubble	19.19141
ILSVRC2012_val_00000486.png	baboon	-0.10217	46	baboon	stage	19.99526
ILSVRC2012_val_00000487.png	cougar	-0.05366	101	baboon	chainlink_fence	19.94253
ILSVRC2012_val_00000492.png	albatross	-1.89869	1	hummingbird	bubble	18.43549
ILSVRC2012_val_00000495.png	proboscis_monkey	0.66377	inf	macaw	feather_boa	20.00000
ILSVRC2012_val_00000496.png	grey_whale	-1.52385	1	grey_whale	bubble	18.76055
ILSVRC2012_val_00000498.png	common_newt	-0.02638	153	common_newt	feather_boa	19.96689
ILSVRC2012_val_00000500.png	otterhound	-0.00016	22	Irish_wolfhound	feather_boa	19.97509
ILSVRC2012_val_00000501.png	white_wolf	-1.17799	6	ice_bear	bubble	19.73772
ILSVRC2012_val_00000502.png	fox_squirrel	-0.00035	94	fox_squirrel	mousetrap	19.99994
ILSVRC2012_val_00000507.png	kuvasz	-0.00651	22	Bedlington_terrier	fountain	19.88439
ILSVRC2012_val_00000509.png	groom	-3.06128	1	groom	limousine	16.61652
ILSVRC2012_val_00000510.png	leaf_beetle	-0.02012	91	ladybug	hip	20.00000
ILSVRC2012_val_00000511.png	Walker_hound	-2.52422	1	puffer	bubble	18.29429
ILSVRC2012_val_00000512.png	king_snake	-0.27549	44	king_snake	maraca	19.90769
ILSVRC2012_val_00000517.png	red_fox	-0.93894	85	kit_fox	bubble	19.91203
ILSVRC2012_val_00000518.png	mongoose	-1.17646	4	bustard	bubble	19.97906
ILSVRC2012_val_00000520.png	marmoset	-0.80311	34	hamster	harp	19.98000
ILSVRC2012_val_00000523.png	common_iguana	-0.05450	63	green_lizard	bubble	19.97761
ILSVRC2012_val_00000524.png	cocker_spaniel	-0.16451	56	cocker_spaniel	feather_boa	19.95593
ILSVRC2012_val_00000528.png	black_grouse	-0.64656	3	American_black_bear	bubble	19.68541
ILSVRC2012_val_00000529.png	scuba_diver	-0.58381	13	scuba_diver	stage	19.85217
ILSVRC2012_val_00000530.png	timber_wolf	-0.95874	4	collie	bubble	19.48522
ILSVRC2012_val_00000531.png	Greater_Swiss_Mountain_dog	-0.07062	224	Greater_Swiss_Mountain_dog	bubble	19.86925
ILSVRC2012_val_00000533.png	schipperke	-1.88797	1	hamster	feather_boa	18.31291
ILSVRC2012_val_00000536.png	chow	-0.32078	53	chow	bubble	19.99019
ILSVRC2012_val_00000539.png	Sussex_spaniel	-0.10588	45	Irish_setter	bubble	19.98239
ILSVRC2012_val_00000541.png	Komodo_dragon	-8.01089	1	nematode	bubble	18.89181
ILSVRC2012_val_00000545.png	killer_whale	-0.11917	63	killer_whale	snorkel	19.92183
ILSVRC2012_val_00000546.png	slug	-0.73606	1	hummingbird	bubble	17.91875
ILSVRC2012_val_00000547.png	goose	-0.00322	153	peacock	pinwheel	19.97716
ILSVRC2012_val_00000548.png	oystercatcher	-2.01599	24	hummingbird	bubble	19.92834
ILSVRC2012_val_00000551.png	yellow_lady's_slipper	-0.25693	10	goldfish	bubble	19.58890
ILSVRC2012_val_00000552.png	water_buffalo	-0.04255	12	water_buffalo	bubble	19.62389
ILSVRC2012_val_00000553.png	chimpanzee	-0.31661	8	chimpanzee	bubble	19.42376
ILSVRC2012_val_00000565.png	guinea_pig	-2.47284	1	groom	bubble	18.65922
ILSVRC2012_val_00000570.png	goldfinch	-0.04735	39	yellow_lady's_slipper	pot	19.97379
ILSVRC2012_val_00000576.png	partridge	-1.33177	51	partridge	cardoon	19.97434
ILSVRC2012_val_00000577.png	bittern	-0.22985	50	European_gallinule	bubble	19.90283
ILSVRC2012_val_00000578.png	dugong	-0.44778	1	dugong	bubble	18.03393
ILSVRC2012_val_00000581.png	sulphur_butterfly	-2.18849	1	hummingbird	bubble	18.65306
ILSVRC2012_val_00000585.png	mongoose	-1.06242	1	Airedale	traffic_light	18.44481
ILSVRC2012_val_00000588.png	Irish_terrier	-0.10726	93	Irish_terrier	bubble	19.98254
ILSVRC2012_val_00000590.png	Samoyed	-0.09045	34	Samoyed	pinwheel	19.95964
ILSVRC2012_val_00000592.png	American_black_bear	-0.74203	3	peacock	bubble	19.56264
ILSVRC2012_val_00000593.png	spoonbill	-0.01214	5	spoonbill	pinwheel	19.95911
ILSVRC2012_val_00000594.png	Appenzeller	-0.26059	33	Greater_Swiss_Mountain_dog	bubble	19.95468
ILSVRC2012_val_00000597.png	Indian_elephant	-0.48827	38	Indian_elephant	bubble	19.99931
ILSVRC2012_val_00000599.png	beagle	-0.05923	12	American_Staffordshire_terrier	bubble	19.82919
ILSVRC2012_val_00000600.png	leopard	-0.05297	92	leopard	bubble	19.99960
ILSVRC2012_val_00000603.png	kelpie	-0.17360	33	Boston_bull	bubble	19.99215
ILSVRC2012_val_00000604.png	dingo	-0.01463	75	Norwich_terrier	soccer_ball	19.99824
ILSVRC2012_val_00000609.png	grey_whale	-3.46660	1	grey_whale	bubble	18.63333
ILSVRC2012_val_00000610.png	jaguar	5.06253	inf	jaguar	maillot	19.99987
ILSVRC2012_val_00000612.png	Norwich_terrier	-0.13041	36	West_Highland_white_terrier	pinwheel	19.93427
ILSVRC2012_val_00000613.png	Blenheim_spaniel	-0.08745	106	Blenheim_spaniel	wig	19.95619
ILSVRC2012_val_00000617.png	hamster	-0.06499	18	hamster	hair_slide	19.94764
ILSVRC2012_val_00000618.png	sulphur_butterfly	-0.07271	39	sulphur_butterfly	pinwheel	19.91296
ILSVRC2012_val_00000625.png	ladybug	-0.06394	107	leaf_beetle	strawberry	19.99455
ILSVRC2012_val_00000628.png	echidna	-0.39010	38	sea_urchin	cardoon	19.98243
ILSVRC2012_val_00000635.png	boxer	-0.00160	5	Italian_greyhound	bubble	19.50651
ILSVRC2012_val_00000638.png	bulbul	-0.27610	75	hummingbird	pinwheel	19.96855
ILSVRC2012_val_00000639.png	damselfly	-4.46493	1	dragonfly	spider_web	17.32172
ILSVRC2012_val_00000642.png	guinea_pig	-0.01084	19	peacock	jackfruit	19.91799
ILSVRC2012_val_00000643.png	clumber	-0.02915	88	cocker_spaniel	tennis_ball	20.00000
ILSVRC2012_val_00000644.png	hare	-0.36282	3	clumber	bubble	18.81866
ILSVRC2012_val_00000648.png	crane	-0.71898	1	crane	bubble	18.56128
ILSVRC2012_val_00000650.png	leopard	-1.56294	1	sea_slug	bubble	18.55151
ILSVRC2012_val_00000651.png	brambling	-0.21620	26	bulbul	paintbrush	19.93278
ILSVRC2012_val_00000655.png	wallaby	-0.00478	31	wild_boar	bubble	19.97098
ILSVRC2012_val_00000657.png	giant_panda	-1.98806	4	black-footed_ferret	bubble	19.55655
ILSVRC2012_val_00000658.png	keeshond	-0.00788	52	Yorkshire_terrier	jigsaw_puzzle	19.95195
ILSVRC2012_val_00000661.png	hog	-3.38211	8	Shih-Tzu	bubble	19.68719
ILSVRC2012_val_00000665.png	English_springer	-0.00631	88	English_springer	bubble	20.00000
ILSVRC2012_val_00000668.png	Chesapeake_Bay_retriever	-0.25738	29	Labrador_retriever	bubble	19.99412
ILSVRC2012_val_00000669.png	isopod	-1.49679	1	isopod	bubble	18.13585
ILSVRC2012_val_00000672.png	Border_collie	-1.26619	1	Border_collie	bubble	18.49867
ILSVRC2012_val_00000675.png	marmot	-0.14153	26	marmot	feather_boa	19.97990
ILSVRC2012_val_00000679.png	tick	-0.47442	5	black_widow	bubble	19.94753
ILSVRC2012_val_00000683.png	green_lizard	-0.08798	142	common_iguana	feather_boa	19.99590
ILSVRC2012_val_00000685.png	wood_rabbit	-0.76456	6	wood_rabbit	bubble	19.85559
ILSVRC2012_val_00000688.png	rock_python	-0.36221	54	boa_constrictor	matchstick	19.98806
ILSVRC2012_val_00000689.png	chiton	1.86770	inf	chiton	coral_reef	19.99866
ILSVRC2012_val_00000690.png	white_stork	-0.00796	238	black_stork	pinwheel	19.99998
ILSVRC2012_val_00000692.png	rhinoceros_beetle	-0.25858	62	leaf_beetle	safety_pin	19.99696
ILSVRC2012_val_00000694.png	Sealyham_terrier	0.34914	inf	soft-coated_wheaten_terrier	oscilloscope	20.00000
ILSVRC2012_val_00000695.png	guenon	-0.01417	203	guenon	chainlink_fence	19.99979
ILSVRC2012_val_00000696.png	Yorkshire_terrier	-0.41990	112	Yorkshire_terrier	pinwheel	19.98681
ILSVRC2012_val_00000699.png	puffer	-0.39178	58	lionfish	bubble	19.98414
ILSVRC2012_val_00000703.png	chiton	-0.46119	36	chiton	stole	19.95404
ILSVRC2012_val_00000705.png	stinkhorn	-0.40904	38	stinkhorn	shoe_shop	19.94578
ILSVRC2012_val_00000708.png	Gordon_setter	-7.83571	1	toy_poodle	bubble	18.21022
ILSVRC2012_val_00000709.png	Egyptian_cat	-0.64329	1	three-toed_sloth	bubble	18.52046
ILSVRC2012_val_00000713.png	junco	-0.23984	11	junco	bubble	19.91062
ILSVRC2012_val_00000716.png	clumber	-0.39333	5	toy_poodle	bubble	19.58635
ILSVRC2012_val_00000719.png	Mexican_hairless	-0.02606	161	Mexican_hairless	spindle	20.00000
ILSVRC2012_val_00000723.png	weasel	-0.13460	30	Chesapeake_Bay_retriever	bubble	19.95126
ILSVRC2012_val_00000725.png	Dandie_Dinmont	-0.15040	20	Dandie_Dinmont	feather_boa	19.98502
ILSVRC2012_val_00000726.png	badger	-0.42005	178	badger	bubble	20.00000
ILSVRC2012_val_00000729.png	malamute	-0.14217	28	Eskimo_dog	bubble	19.94758
ILSVRC2012_val_00000731.png	agaric	-0.14540	76	agaric	mushroom	19.96973
ILSVRC2012_val_00000733.png	Persian_cat	-3.83511	1	affenpinscher	feather_boa	17.94346
ILSVRC2012_val_00000735.png	spoonbill	0.31599	inf	black_stork	quill	20.00000
ILSVRC2012_val_00000739.png	kite	-0.04880	26	hummingbird	bubble	19.99059
ILSVRC2012_val_00000744.png	drake	-2.28769	5	drake	bubble	19.78469
ILSVRC2012_val_00000747.png	brambling	-0.02576	60	hummingbird	bubble	19.97331
ILSVRC2012_val_00000748.png	soft-coated_wheaten_terrier	-0.01077	240	Shih-Tzu	bubble	19.99891
ILSVRC2012_val_00000749.png	diamondback	-4.86886	1	water_snake	bubble	18.64027
ILSVRC2012_val_00000751.png	redshank	-1.04061	12	goldfinch	bubble	19.86301
ILSVRC2012_val_00000754.png	tusker	-0.03696	12	tusker	bubble	19.91221
ILSVRC2012_val_00000755.png	earthstar	-0.16184	1	goldfish	toyshop	18.50286
ILSVRC2012_val_00000756.png	kit_fox	-0.53397	35	kit_fox	bubble	19.99557
ILSVRC2012_val_00000758.png	Appenzeller	-1.11535	1	ox	toyshop	17.35389
ILSVRC2012_val_00000768.png	tiger_beetle	-1.46667	1	bullfrog	bubble	18.07694
ILSVRC2012_val_00000772.png	mantis	-0.76865	1	mantis	bubble	17.65031
ILSVRC2012_val_00000774.png	spoonbill	-0.38489	18	spoonbill	bubble	19.88039
ILSVRC2012_val_00000775.png	barracouta	-0.08894	133	barracouta	bubble	19.99644
ILSVRC2012_val_00000779.png	meerkat	-0.09961	15	dragonfly	paintbrush	19.96930
ILSVRC2012_val_00000781.png	conch	-0.54242	1	goldfish	bubble	18.52630
ILSVRC2012_val_00000785.png	dingo	-0.24419	25	kelpie	bubble	19.89940
ILSVRC2012_val_00000786.png	boa_constrictor	-0.47693	4	night_snake	bubble	19.33348
ILSVRC2012_val_00000788.png	chimpanzee	-3.67768	1	Shih-Tzu	bubble	17.17581
ILSVRC2012_val_00000791.png	leatherback_turtle	-0.83133	1	hermit_crab	coral_reef	18.67047
ILSVRC2012_val_00000794.png	little_blue_heron	-0.37947	5	bulbul	bubble	19.81555
ILSVRC2012_val_00000796.png	tiger_cat	-0.13432	44	tabby	feather_boa	19.97150
ILSVRC2012_val_00000799.png	silky_terrier	1.56258	inf	Yorkshire_terrier	pinwheel	20.00000
ILSVRC2012_val_00000800.png	standard_poodle	-0.84439	18	chimpanzee	toyshop	19.99276
ILSVRC2012_val_00000802.png	Tibetan_terrier	-0.29104	1	Shih-Tzu	feather_boa	17.45921
ILSVRC2012_val_00000806.png	garter_snake	-0.75045	24	garter_snake	abacus	19.88597
ILSVRC2012_val_00000807.png	eft	0.33651	inf	eft	mushroom	20.00000
ILSVRC2012_val_00000810.png	ringlet	-0.17397	3	sulphur_butterfly	cardoon	18.61663
ILSVRC2012_val_00000818.png	fiddler_crab	-0.17588	12	crayfish	bubble	19.88203
ILSVRC2012_val_00000819.png	rhinoceros_beetle	-0.05814	7	rhinoceros_beetle	feather_boa	19.88434
ILSVRC2012_val_00000821.png	king_crab	-0.05665	1	crayfish	butcher_shop	17.67552
ILSVRC2012_val_00000824.png	flat-coated_retriever	-0.00347	72	flat-coated_retriever	feather_boa	19.98604
ILSVRC2012_val_00000825.png	American_coot	-0.01505	19	redshank	bubble	19.98995
ILSVRC2012_val_00000828.png	titi	-0.09739	14	three-toed_sloth	bubble	19.75726
ILSVRC2012_val_00000832.png	Border_terrier	-1.10360	13	Border_terrier	refrigerator	19.78576
ILSVRC2012_val_00000836.png	nematode	-6.37896	1	goldfish	bubble	18.16115
ILSVRC2012_val_00000837.png	chickadee	-0.87326	18	chickadee	bubble	19.93201
ILSVRC2012_val_00000838.png	basset	-0.13035	17	beagle	bubble	19.92613
ILSVRC2012_val_00000847.png	Bouvier_des_Flandres	-0.78762	11	Scottish_deerhound	wig	19.94983
ILSVRC2012_val_00000860.png	ptarmigan	-0.32029	16	hummingbird	bubble	19.60366
ILSVRC2012_val_00000865.png	American_black_bear	-0.01483	62	eel	coral_reef	19.74837
ILSVRC2012_val_00000867.png	miniature_poodle	-0.45966	17	toy_poodle	pinwheel	19.94587
ILSVRC2012_val_00000870.png	chimpanzee	-0.21549	1	eel	poncho	18.26603
ILSVRC2012_val_00000871.png	brown_bear	0.02399	inf	Norfolk_terrier	tub	20.00000
ILSVRC2012_val_00000873.png	house_finch	-1.28191	2	hummingbird	bubble	18.95870
ILSVRC2012_val_00000875.png	Norwich_terrier	-0.00792	23	Yorkshire_terrier	pinwheel	19.80860
ILSVRC2012_val_00000877.png	harvestman	-0.93937	24	dragonfly	bubble	19.96612
ILSVRC2012_val_00000878.png	spoonbill	-1.77539	6	toucan	bubble	19.23655
ILSVRC2012_val_00000880.png	jay	-0.47101	23	hummingbird	bubble	19.95367
ILSVRC2012_val_00000882.png	Tibetan_terrier	-0.08219	158	Lhasa	bubble	20.00000
ILSVRC2012_val_00000883.png	Bedlington_terrier	-0.02738	225	toy_poodle	feather_boa	19.99953
ILSVRC2012_val_00000884.png	bloodhound	-0.15929	6	Rottweiler	bubble	19.85205
ILSVRC2012_val_00000885.png	black_grouse	2.47070	inf	peacock	feather_boa	19.99950
ILSVRC2012_val_00000888.png	kite	-0.31632	6	cock	goblet	19.85608
ILSVRC2012_val_00000889.png	standard_schnauzer	-0.65209	1	Shih-Tzu	pinwheel	18.49697
ILSVRC2012_val_00000890.png	European_fire_salamander	1.55334	inf	European_fire_salamander	coral_reef	19.98694
ILSVRC2012_val_00000892.png	sorrel	-0.24918	1	sorrel	oxygen_mask	18.48736
ILSVRC2012_val_00000898.png	lynx	-0.83331	8	sea_slug	bubble	19.87644
ILSVRC2012_val_00000907.png	Shih-Tzu	-0.63064	1	Shih-Tzu	bubble	18.87647
ILSVRC2012_val_00000908.png	whiptail	-0.10573	110	eel	fountain	19.98302
ILSVRC2012_val_00000909.png	bloodhound	-5.14467	1	Rottweiler	bubble	18.16092
ILSVRC2012_val_00000911.png	cock	-0.28159	136	hen	caldron	19.99370
ILSVRC2012_val_00000912.png	timber_wolf	-0.18745	1	hyena	bubble	18.77470
ILSVRC2012_val_00000916.png	vulture	-0.23740	171	black_stork	bubble	19.99191
ILSVRC2012_val_00000918.png	puffer	-3.94310	1	puffer	snorkel	18.53299
ILSVRC2012_val_00000921.png	electric_ray	-0.15454	2	eel	coral_reef	18.90191
ILSVRC2012_val_00000922.png	Norwich_terrier	-0.96695	1	Yorkshire_terrier	feather_boa	17.91377
ILSVRC2012_val_00000924.png	dung_beetle	-0.36469	23	dung_beetle	bubble	19.86876
ILSVRC2012_val_00000925.png	green_lizard	-0.02580	32	green_lizard	cucumber	19.92683
ILSVRC2012_val_00000926.png	long-horned_beetle	-0.13455	9	dragonfly	pinwheel	19.90176
ILSVRC2012_val_00000929.png	coucal	-0.26931	25	peacock	bubble	19.98784
ILSVRC2012_val_00000930.png	leatherback_turtle	-0.00814	13	starfish	coral_reef	19.95890
ILSVRC2012_val_00000933.png	eel	-0.51519	5	sea_snake	coral_reef	19.80694
ILSVRC2012_val_00000934.png	tarantula	-0.06637	79	tarantula	pencil_sharpener	19.99123
ILSVRC2012_val_00000937.png	wood_rabbit	-0.07312	175	hare	piggy_bank	19.97985
ILSVRC2012_val_00000938.png	leatherback_turtle	-1.05477	1	axolotl	piggy_bank	18.32236
ILSVRC2012_val_00000939.png	flamingo	-0.54374	32	goldfish	strawberry	19.98085
ILSVRC2012_val_00000940.png	platypus	-4.84663	1	bullfrog	water_bottle	18.91207
ILSVRC2012_val_00000941.png	king_snake	-0.00615	181	king_snake	feather_boa	19.99974
ILSVRC2012_val_00000943.png	tick	-0.98817	49	slug	bubble	19.98538
ILSVRC2012_val_00000944.png	tree_frog	-3.47620	1	tree_frog	bubble	18.44257
ILSVRC2012_val_00000945.png	baboon	-0.61831	11	baboon	bubble	19.90039
ILSVRC2012_val_00000946.png	German_shepherd	0.91625	inf	malinois	muzzle	19.99966
ILSVRC2012_val_00000948.png	Rhodesian_ridgeback	-0.00171	185	Italian_greyhound	pinwheel	19.99888
ILSVRC2012_val_00000949.png	Yorkshire_terrier	3.33359	inf	Yorkshire_terrier	umbrella	20.00000
ILSVRC2012_val_00000952.png	toucan	-0.00329	267	toucan	pay-phone	19.99427
ILSVRC2012_val_00000954.png	coral_fungus	-1.73359	1	sea_slug	bikini	17.69913
ILSVRC2012_val_00000956.png	ground_beetle	0.28616	inf	ant	honeycomb	20.00000
ILSVRC2012_val_00000958.png	loggerhead	-1.05663	5	loggerhead	bubble	19.76391
ILSVRC2012_val_00000962.png	water_ouzel	-0.31954	1	hummingbird	bubble	18.95688
ILSVRC2012_val_00000963.png	magpie	-0.00346	86	magpie	bubble	20.00000
ILSVRC2012_val_00000964.png	patas	-1.17938	14	squirrel_monkey	bubble	19.97162
ILSVRC2012_val_00000965.png	damselfly	-0.12107	13	damselfly	barrow	19.67096
ILSVRC2012_val_00000967.png	stinkhorn	-0.26469	4	eel	bubble	19.45101
ILSVRC2012_val_00000970.png	koala	-0.12321	61	lorikeet	fig	19.95471
ILSVRC2012_val_00000972.png	grasshopper	-1.36262	1	mantis	bubble	18.40357
ILSVRC2012_val_00000974.png	chimpanzee	-0.41575	34	chimpanzee	bubble	19.98782
ILSVRC2012_val_00000975.png	bull_mastiff	-0.27072	21	bull_mastiff	bubble	19.97809
ILSVRC2012_val_00000978.png	frilled_lizard	-2.59793	1	stingray	wok	18.20604
ILSVRC2012_val_00000981.png	Angora	-2.05887	1	Angora	bubble	18.69904
ILSVRC2012_val_00000983.png	hyena	-0.55398	13	Airedale	bubble	19.90505
ILSVRC2012_val_00000986.png	wolf_spider	1.02357	inf	crayfish	spider_web	20.00000
ILSVRC2012_val_00000990.png	sea_urchin	-0.30647	181	sea_urchin	paintbrush	19.95620
ILSVRC2012_val_00000992.png	basset	-4.34143	14	basset	bubble	19.98136
ILSVRC2012_val_00000993.png	Siberian_husky	-0.03168	23	Siberian_husky	matchstick	19.96724
ILSVRC2012_val_00000994.png	goldfish	3.01319	inf	goldfish	coral_reef	19.99888
ILSVRC2012_val_00000996.png	rock_beauty	-0.02954	23	rock_beauty	coral_reef	19.98707
ILSVRC2012_val_00000997.png	Cardigan	0.16444	inf	Cardigan	bubble	20.00000
ILSVRC2012_val_00001001.png	wire-haired_fox_terrier	-0.22081	7	wire-haired_fox_terrier	canoe	19.48156
ILSVRC2012_val_00001003.png	fox_squirrel	-0.04392	41	black_stork	bubble	19.99940
ILSVRC2012_val_00001005.png	EntleBucher	-0.64905	28	EntleBucher	bubble	19.93008
ILSVRC2012_val_00001007.png	scorpion	-0.07182	20	scorpion	padlock	19.83792
ILSVRC2012_val_00001009.png	pug	-0.17006	120	pug	bubble	19.99278
ILSVRC2012_val_00001010.png	eft	-3.18021	1	goldfish	bubble	18.69444
ILSVRC2012_val_00001014.png	cabbage_butterfly	-0.03253	17	cabbage_butterfly	bubble	19.99742
ILSVRC2012_val_00001015.png	ringlet	-0.52113	24	anemone_fish	pinwheel	19.95405
ILSVRC2012_val_00001022.png	alligator_lizard	-0.41230	25	eel	bubble	19.91102
ILSVRC2012_val_00001024.png	bulbul	-0.23322	40	hummingbird	bubble	19.97121
ILSVRC2012_val_00001025.png	indri	-0.36413	36	hamster	toyshop	19.96892
ILSVRC2012_val_00001026.png	sea_urchin	-0.06910	26	sea_urchin	bubble	19.83322
ILSVRC2012_val_00001027.png	ram	-0.00013	14	ram	feather_boa	19.93383
ILSVRC2012_val_00001028.png	Dandie_Dinmont	-3.86813	4	Shih-Tzu	beaker	19.53247
ILSVRC2012_val_00001031.png	ostrich	-0.06822	178	ostrich	bubble	20.00000
ILSVRC2012_val_00001032.png	patas	-0.02759	119	guinea_pig	wig	19.99444
ILSVRC2012_val_00001033.png	European_fire_salamander	-0.18390	29	European_fire_salamander	paintbrush	19.90651
ILSVRC2012_val_00001036.png	wallaby	-0.20457	30	wallaby	bubble	19.99262
ILSVRC2012_val_00001037.png	black_and_gold_garden_spider	-0.05137	137	garden_spider	spider_web	19.99530
ILSVRC2012_val_00001038.png	schipperke	-0.71248	2	groenendael	bubble	19.51019
ILSVRC2012_val_00001039.png	Mexican_hairless	-0.00082	104	European_gallinule	pinwheel	19.98123
ILSVRC2012_val_00001040.png	Persian_cat	-0.96759	1	hamster	bubble	18.62173
ILSVRC2012_val_00001042.png	ringneck_snake	-0.37946	30	ringneck_snake	bubble	19.96740
ILSVRC2012_val_00001044.png	black_swan	-0.12277	170	peacock	bubble	20.00000
ILSVRC2012_val_00001046.png	bittern	-0.08440	105	European_gallinule	bubble	19.99191
ILSVRC2012_val_00001047.png	Rhodesian_ridgeback	-0.34699	180	bull_mastiff	muzzle	19.99714
ILSVRC2012_val_00001049.png	Chihuahua	-0.04478	105	Chihuahua	toyshop	20.00000
ILSVRC2012_val_00001050.png	llama	-0.10159	12	peacock	bubble	19.93583
ILSVRC2012_val_00001051.png	rock_beauty	-0.00818	105	rock_beauty	coral_reef	19.99548
ILSVRC2012_val_00001053.png	black_and_gold_garden_spider	-0.03666	96	garden_spider	spider_web	19.99406
ILSVRC2012_val_00001054.png	Madagascar_cat	-0.04816	112	Madagascar_cat	toyshop	19.97990
ILSVRC2012_val_00001056.png	king_penguin	-4.63100	1	lorikeet	bubble	18.55954
ILSVRC2012_val_00001057.png	brain_coral	-0.24265	18	brain_coral	stole	19.87633
ILSVRC2012_val_00001060.png	cheetah	-1.03110	1	peacock	bubble	18.86622
ILSVRC2012_val_00001065.png	Pomeranian	-0.06203	213	Pomeranian	pinwheel	19.98674
ILSVRC2012_val_00001066.png	hippopotamus	-1.79765	1	hippopotamus	bubble	18.55224
ILSVRC2012_val_00001067.png	American_egret	-0.30637	12	spoonbill	pinwheel	19.97463
ILSVRC2012_val_00001068.png	black_stork	-0.15030	157	black_stork	bubble	20.00000
ILSVRC2012_val_00001069.png	Pekinese	-0.47431	31	Pekinese	wig	19.97774
ILSVRC2012_val_00001070.png	German_short-haired_pointer	-4.94336	1	hummingbird	bubble	18.13154
ILSVRC2012_val_00001073.png	bustard	1.24477	inf	ruffed_grouse	umbrella	20.00000
ILSVRC2012_val_00001074.png	Bouvier_des_Flandres	-0.59222	8	affenpinscher	feather_boa	19.53295
ILSVRC2012_val_00001075.png	proboscis_monkey	-0.00211	127	brain_coral	coral_reef	19.99870
ILSVRC2012_val_00001082.png	cockroach	-0.01776	149	cockroach	spider_web	19.99880
ILSVRC2012_val_00001083.png	gyromitra	-0.62847	1	gyromitra	bubble	17.84661
ILSVRC2012_val_00001084.png	jay	-0.22939	10	bulbul	bubble	19.93964
ILSVRC2012_val_00001088.png	hare	-0.48648	49	Norwich_terrier	bubble	19.99518
ILSVRC2012_val_00001092.png	guenon	-0.44930	4	langur	chainlink_fence	19.86385
ILSVRC2012_val_00001095.png	colobus	-0.28643	14	spider_monkey	wine_bottle	19.46534
ILSVRC2012_val_00001096.png	Pembroke	-0.06072	46	Pembroke	toyshop	19.99620
ILSVRC2012_val_00001097.png	bluetick	-1.60130	1	bluetick	bubble	17.24726
ILSVRC2012_val_00001099.png	marmoset	-0.06673	25	peacock	bubble	19.96836
ILSVRC2012_val_00001101.png	Persian_cat	-0.05527	131	Persian_cat	teddy	19.99073
ILSVRC2012_val_00001104.png	titi	-3.08766	1	titi	bubble	18.58602
ILSVRC2012_val_00001108.png	vine_snake	-0.90512	5	goldfish	bubble	19.85167
ILSVRC2012_val_00001109.png	groenendael	-0.30017	30	Border_terrier	toyshop	19.97335
ILSVRC2012_val_00001112.png	golden_retriever	-0.03968	126	golden_retriever	feather_boa	19.99988
ILSVRC2012_val_00001113.png	komondor	-0.05543	95	West_Highland_white_terrier	pinwheel	19.99018
ILSVRC2012_val_00001114.png	hen	0.00093	inf	hen	feather_boa	20.00000
ILSVRC2012_val_00001121.png	redshank	-0.23625	97	redshank	bubble	19.97547
ILSVRC2012_val_00001122.png	fiddler_crab	-0.18122	107	fiddler_crab	coral_reef	19.94176
ILSVRC2012_val_00001123.png	golden_retriever	-0.11125	28	golden_retriever	feather_boa	19.73281
ILSVRC2012_val_00001124.png	king_crab	-0.23188	83	spiny_lobster	lighter	19.99448
ILSVRC2012_val_00001128.png	English_foxhound	-0.08791	43	beagle	toyshop	19.94236
ILSVRC2012_val_00001129.png	Newfoundland	-0.36549	39	briard	feather_boa	19.98774
ILSVRC2012_val_00001130.png	yellow_lady's_slipper	-0.03661	24	yellow_lady's_slipper	acorn	19.96814
ILSVRC2012_val_00001131.png	spotted_salamander	-0.08899	79	crayfish	reel	19.99911
ILSVRC2012_val_00001132.png	Persian_cat	-0.04429	2	Persian_cat	carton	19.32227
ILSVRC2012_val_00001136.png	black_grouse	-0.13522	4	black_grouse	bubble	19.76003
ILSVRC2012_val_00001137.png	Ibizan_hound	-1.21608	1	miniature_pinscher	piggy_bank	18.22768
ILSVRC2012_val_00001138.png	axolotl	-1.10254	3	axolotl	bubble	19.46110
ILSVRC2012_val_00001141.png	Blenheim_spaniel	-2.27484	26	Blenheim_spaniel	bubble	19.82603
ILSVRC2012_val_00001142.png	coucal	-0.01099	11	hummingbird	feather_boa	19.94844
ILSVRC2012_val_00001146.png	peacock	-0.16337	28	peacock	fountain	19.94770
ILSVRC2012_val_00001147.png	Shetland_sheepdog	-2.47258	1	Shetland_sheepdog	bubble	16.94776
ILSVRC2012_val_00001148.png	dhole	-0.34066	45	Shetland_sheepdog	tennis_ball	19.98790
ILSVRC2012_val_00001150.png	black_widow	-1.06750	3	black_widow	spider_web	19.49463
ILSVRC2012_val_00001152.png	chow	-0.29481	4	Pomeranian	bubble	19.60646
ILSVRC2012_val_00001155.png	baboon	-0.42611	47	Kerry_blue_terrier	bubble	20.00000
ILSVRC2012_val_00001158.png	toucan	-0.02907	31	lorikeet	hip	19.95865
ILSVRC2012_val_00001161.png	starfish	3.28218	inf	starfish	coral_reef	20.00000
ILSVRC2012_val_00001162.png	red-backed_sandpiper	-1.08232	1	hummingbird	bubble	18.71209
